arm,arm_label,horizon,train_rows,validation_rows,test_rows,numeric_features,categorical_dummy_features,total_features,threshold,validation_f1,test_accuracy,test_precision,test_recall,test_f1,test_roc_auc,test_pr_auc,tn,fp,fn,tp
spatial,V2.3 Spatial,+1d,1800,1800,1800,44,47,91,0.3614141414141414,0.7983581323755772,0.7922222222222223,0.6926605504587156,0.8507042253521127,0.7635903919089759,0.8947971314123272,0.8577523303779118,822,268,106,604
spatiotemporal,V2.4 Spatio-Temporal,+1d,1800,1800,1800,60,47,107,0.44555555555555554,0.7986942328618063,0.8077777777777778,0.7407407407407407,0.7887323943661971,0.7639836289222374,0.891436232071327,0.8569335249785399,894,196,150,560
v2,V2,+1d,1800,1800,1800,36,47,83,0.4109090909090909,0.8002131060202451,0.8094444444444444,0.7246022031823746,0.8338028169014085,0.7753765553372626,0.8952577852435715,0.858226460119174,865,225,118,592
spatial,V2.3 Spatial,+2d,1800,1800,1800,44,47,91,0.3812121212121212,0.7920997920997921,0.79,0.7,0.8183098591549296,0.7545454545454545,0.878880992376276,0.8385279208444498,841,249,129,581
spatiotemporal,V2.4 Spatio-Temporal,+2d,1800,1800,1800,60,47,107,0.3614141414141414,0.7940876656472987,0.7844444444444445,0.6907582938388626,0.8211267605633803,0.7503217503217503,0.8773394495412844,0.838700504841726,829,261,127,583
v2,V2,+2d,1800,1800,1800,36,47,83,0.36636363636363634,0.7885304659498208,0.7844444444444445,0.6894117647058824,0.8253521126760563,0.7512820512820513,0.8794572942240599,0.8368775026623864,826,264,124,586
spatial,V2.3 Spatial,+3d,1800,1800,1800,44,47,91,0.31686868686868686,0.7715686274509804,0.7538888888888889,0.6403415154749199,0.8498583569405099,0.7303712720632989,0.8678680000621468,0.8189303797904588,757,337,106,600
spatiotemporal,V2.4 Spatio-Temporal,+3d,1800,1800,1800,60,47,107,0.3465656565656566,0.7750623441396509,0.7677777777777778,0.6643835616438356,0.8243626062322946,0.7357774968394437,0.8669267340269614,0.81721347795366,800,294,124,582
v2,V2,+3d,1800,1800,1800,36,47,83,0.29707070707070704,0.7610364683301344,0.7483333333333333,0.6297435897435898,0.8696883852691218,0.7305175490779298,0.8683263331796924,0.8192735961726294,733,361,92,614
spatial,V2.3 Spatial,+5d,1800,1800,1800,44,47,91,0.37626262626262624,0.7552301255230126,0.775,0.6790865384615384,0.8036984352773826,0.7361563517915309,0.8632206548053596,0.8167172543453093,830,267,138,565
spatiotemporal,V2.4 Spatio-Temporal,+5d,1800,1800,1800,60,47,107,0.2822222222222222,0.7589158345221113,0.7283333333333334,0.607645875251509,0.8591749644381224,0.7118444313494402,0.8638456620992725,0.8209625977528159,707,390,99,604
v2,V2,+5d,1800,1800,1800,36,47,83,0.3564646464646465,0.7498721227621483,0.76,0.6507230255839822,0.8321479374110953,0.7303370786516854,0.8580876851519272,0.8022215120324419,783,314,118,585
spatial,V2.3 Spatial,+7d,1800,1800,1800,44,47,91,0.2723232323232323,0.7459867799811143,0.7222222222222222,0.587,0.870919881305638,0.7013142174432497,0.8540202971575546,0.7861858425796572,713,413,87,587
spatiotemporal,V2.4 Spatio-Temporal,+7d,1800,1800,1800,60,47,107,0.2723232323232323,0.7467043314500942,0.7122222222222222,0.5772277227722772,0.8649851632047477,0.6923990498812351,0.8472534799268437,0.7811872858661328,699,427,91,583
v2,V2,+7d,1800,1800,1800,36,47,83,0.3317171717171717,0.7385685884691849,0.7416666666666667,0.6134636264929425,0.8382789317507419,0.7084639498432602,0.8503730281292988,0.7815854444838768,770,356,109,565
