analysis,group,n,v2_precision,v23_precision,delta_precision,v2_recall,v23_recall,delta_recall,v2_f1,v23_f1,delta_f1
horizon,+1d,1800.0,0.7246022031823746,0.7341935483870968,0.009591345204722268,0.8338028169014085,0.8014084507042254,-0.032394366197183055,0.7753765553372626,0.7663299663299663,-0.009046589007296268
horizon,+2d,1800.0,0.6894117647058824,0.6812428078250863,-0.008168956880796108,0.8253521126760563,0.8338028169014085,0.008450704225352101,0.7512820512820513,0.7498416719442685,-0.0014403793377827379
horizon,+3d,1800.0,0.6297435897435898,0.7162726008344924,0.08652901109090261,0.8696883852691218,0.7294617563739377,-0.1402266288951841,0.7305175490779298,0.7228070175438597,-0.007710531534070086
horizon,+5d,1800.0,0.6507230255839822,0.6635514018691588,0.012828376285176635,0.8321479374110953,0.8079658605974396,-0.024182076813655695,0.7303370786516854,0.7286722257857601,-0.0016648528659253259
horizon,+7d,1800.0,0.6134636264929425,0.5791044776119403,-0.03435914888100222,0.8382789317507419,0.8635014836795252,0.02522255192878331,0.7084639498432602,0.6932698034544371,-0.015194146388823104
transition,E->E,2529.0,1.0,1.0,0.0,0.9525504151838672,0.9264531435349941,-0.0260972716488731,0.9756986634264885,0.9618226600985221,-0.013876003327966346
transition,E->N,1051.0,0.0,0.0,0.0,0.0,0.0,0.0,0.0,0.0,0.0
transition,N->E,974.0,1.0,1.0,0.0,0.5472279260780287,0.49589322381930184,-0.05133470225872688,0.7073656270736562,0.6630061770761839,-0.04435944999747232
transition,N->N,4446.0,0.0,0.0,0.0,0.0,0.0,0.0,0.0,0.0,0.0
state,Haryana,4400.0,0.5548917102315161,0.5574572127139364,0.0025655024824203787,0.6472125435540069,0.5958188153310104,-0.05139372822299648,0.5975070365902694,0.576,-0.021507036590269424
state,Punjab,4600.0,0.7041306436119116,0.7147147147147147,0.010584071102803128,0.9337579617834395,0.9095541401273886,-0.02420382165605095,0.8028477546549836,0.8004484304932735,-0.0023993241617100702
season,Early,3825.0,0.6555,0.6663185378590079,0.010818537859007882,0.8387715930902111,0.8163787587971849,-0.022392834293026187,0.7358967162503508,0.7337550316273721,-0.002141684622978701
season,Late,1800.0,0.386411889596603,0.3907766990291262,0.004364809432523209,0.5967213114754099,0.5278688524590164,-0.06885245901639347,0.4690721649484536,0.4490934449093445,-0.01997872003910911
season,Middle,3375.0,0.7277749874434958,0.7322087506589352,0.0044337632154394235,0.8862385321100917,0.8495412844036697,-0.03669724770642202,0.7992277992277992,0.7865232163080408,-0.0127045829197584
state_x_season,Haryana | Early,1870.0,0.4014336917562724,0.4118773946360153,0.010443702879742889,0.5879265091863517,0.5643044619422573,-0.023622047244094446,0.47710330138445156,0.47619047619047616,-0.0009128251939753973
state_x_season,Haryana | Late,880.0,0.5029940119760479,0.5037037037037037,0.0007096917276557813,0.4883720930232558,0.3953488372093023,-0.09302325581395349,0.49557522123893805,0.44299674267100975,-0.0525784785679283
state_x_season,Haryana | Middle,1650.0,0.7084690553745928,0.7035087719298245,-0.0049602834447682875,0.7310924369747899,0.6739495798319328,-0.05714285714285705,0.7196029776674938,0.688412017167382,-0.03119096050011183
state_x_season,Punjab | Early,1955.0,0.7538141470180305,0.7616654702081838,0.007851323190153248,0.9196277495769881,0.8976311336717429,-0.021996615905245265,0.8285060975609756,0.8240776699029126,-0.00442842765806295
state_x_season,Punjab | Late,920.0,0.3223684210526316,0.33574007220216606,0.01337165114953448,0.7368421052631579,0.6992481203007519,-0.03759398496240596,0.448512585812357,0.45365853658536587,0.005145950773008889
state_x_season,Punjab | Middle,1725.0,0.7363834422657952,0.7445365486058779,0.008153106340082705,0.975,0.95,-0.025000000000000022,0.839056681836988,0.8348119983100971,-0.004244683526890891
