horizon,model,transition,metric,value,n
1,rf,N->N,transition_accuracy,0.894907908992416,923
1,rf,N->E,n_to_e_recall,0.40372670807453415,161
1,rf,E->N,transition_accuracy,0.23353293413173654,167
1,rf,E->E,e_to_e_recall,0.9599271402550091,549
1,xgboost,N->N,transition_accuracy,0.8396533044420368,923
1,xgboost,N->E,n_to_e_recall,0.4409937888198758,161
1,xgboost,E->N,transition_accuracy,0.2994011976047904,167
1,xgboost,E->E,e_to_e_recall,0.9216757741347905,549
1,lightgbm,N->N,transition_accuracy,0.8136511375947996,923
1,lightgbm,N->E,n_to_e_recall,0.5031055900621118,161
1,lightgbm,E->N,transition_accuracy,0.2874251497005988,167
1,lightgbm,E->E,e_to_e_recall,0.9253187613843351,549
2,rf,N->N,transition_accuracy,0.8768197088465846,893
2,rf,N->E,n_to_e_recall,0.4816753926701571,191
2,rf,E->N,transition_accuracy,0.2182741116751269,197
2,rf,E->E,e_to_e_recall,0.9518304431599229,519
2,xgboost,N->N,transition_accuracy,0.7637178051511758,893
2,xgboost,N->E,n_to_e_recall,0.5445026178010471,191
2,xgboost,E->N,transition_accuracy,0.27918781725888325,197
2,xgboost,E->E,e_to_e_recall,0.9344894026974951,519
2,lightgbm,N->N,transition_accuracy,0.7849944008958567,893
2,lightgbm,N->E,n_to_e_recall,0.5445026178010471,191
2,lightgbm,E->N,transition_accuracy,0.29441624365482233,197
2,lightgbm,E->E,e_to_e_recall,0.8978805394990366,519
3,rf,N->N,transition_accuracy,0.795662100456621,876
3,rf,N->E,n_to_e_recall,0.6201923076923077,208
3,rf,E->N,transition_accuracy,0.1651376146788991,218
3,rf,E->E,e_to_e_recall,0.9738955823293173,498
3,xgboost,N->N,transition_accuracy,0.7363013698630136,876
3,xgboost,N->E,n_to_e_recall,0.6586538461538461,208
3,xgboost,E->N,transition_accuracy,0.23853211009174313,218
3,xgboost,E->E,e_to_e_recall,0.9417670682730924,498
3,lightgbm,N->N,transition_accuracy,0.7659817351598174,876
3,lightgbm,N->E,n_to_e_recall,0.6105769230769231,208
3,lightgbm,E->N,transition_accuracy,0.24311926605504589,218
3,lightgbm,E->E,e_to_e_recall,0.929718875502008,498
5,rf,N->N,transition_accuracy,0.818489289740699,887
5,rf,N->E,n_to_e_recall,0.5634517766497462,197
5,rf,E->N,transition_accuracy,0.2714285714285714,210
5,rf,E->E,e_to_e_recall,0.9367588932806324,506
5,xgboost,N->N,transition_accuracy,0.7891770011273957,887
5,xgboost,N->E,n_to_e_recall,0.5532994923857868,197
5,xgboost,E->N,transition_accuracy,0.3619047619047619,210
5,xgboost,E->E,e_to_e_recall,0.9110671936758893,506
5,lightgbm,N->N,transition_accuracy,0.6899661781285231,887
5,lightgbm,N->E,n_to_e_recall,0.6802030456852792,197
5,lightgbm,E->N,transition_accuracy,0.2571428571428571,210
5,lightgbm,E->E,e_to_e_recall,0.9288537549407114,506
7,rf,N->N,transition_accuracy,0.7831603229527105,867
7,rf,N->E,n_to_e_recall,0.6267281105990783,217
7,rf,E->N,transition_accuracy,0.35135135135135137,259
7,rf,E->E,e_to_e_recall,0.9387308533916849,457
7,xgboost,N->N,transition_accuracy,0.7416378316032295,867
7,xgboost,N->E,n_to_e_recall,0.6543778801843319,217
7,xgboost,E->N,transition_accuracy,0.3590733590733591,259
7,xgboost,E->E,e_to_e_recall,0.9321663019693655,457
7,lightgbm,N->N,transition_accuracy,0.698961937716263,867
7,lightgbm,N->E,n_to_e_recall,0.7235023041474654,217
7,lightgbm,E->N,transition_accuracy,0.30115830115830117,259
7,lightgbm,E->E,e_to_e_recall,0.9321663019693655,457
