horizon,model,validation_f1,validation_threshold,test_accuracy,test_precision,test_recall,test_f1,test_roc_auc,test_pr_auc,test_brier,test_logloss,tn,fp,fn,tp
1,rf,0.8002131060202451,0.4109090909090909,0.8094444444444444,0.7246022031823746,0.8338028169014085,0.7753765553372626,0.8952577852435715,0.8582264601191739,0.12725029816587705,0.3959672675202828,865,225,118,592
1,xgboost,0.7690700104493208,0.2673737373737374,0.7788888888888889,0.6852731591448931,0.8126760563380282,0.7435567010309279,0.8764439850109833,0.8414174539968436,0.15034330078275787,0.5132682446327214,825,265,133,577
1,lightgbm,0.7716371220020855,0.15848484848484848,0.7711111111111111,0.6693181818181818,0.8295774647887324,0.740880503144654,0.8741723736916915,0.8391071422583871,0.16458922009818827,0.6841014227258057,799,291,121,589
2,rf,0.7885304659498208,0.36636363636363634,0.7844444444444445,0.6894117647058824,0.8253521126760563,0.7512820512820513,0.8794572942240599,0.8368775026623864,0.13649797368604455,0.4197934572345617,826,264,124,586
2,xgboost,0.7601990049751244,0.1485858585858586,0.7366666666666667,0.6252653927813163,0.8295774647887324,0.7130750605326877,0.8541232717405349,0.8097070061255497,0.1641151148992147,0.5440459964097346,737,353,121,589
2,lightgbm,0.763727959697733,0.09414141414141414,0.7383333333333333,0.632630410654828,0.8028169014084507,0.707635009310987,0.849959943145109,0.8042902814142148,0.1810649206159912,0.72587731530477,759,331,140,570
3,rf,0.7610364683301344,0.29707070707070704,0.7483333333333333,0.6297435897435898,0.8696883852691218,0.7305175490779298,0.8683263331796924,0.8192735961726294,0.1429412725944614,0.43587585947748986,733,361,92,614
3,xgboost,0.7452875785403577,0.11888888888888888,0.7238888888888889,0.6041874376869392,0.8583569405099151,0.7091866588648332,0.8387172369504534,0.7836103040586453,0.17687987423336848,0.599752846783098,697,397,100,606
3,lightgbm,0.7493869543894066,0.059494949494949496,0.73,0.6145833333333334,0.8356940509915014,0.7082833133253301,0.8392286538471497,0.7859801656078961,0.1925356062311539,0.8106704488210051,724,370,116,590
5,rf,0.7498721227621483,0.3564646464646465,0.76,0.6507230255839822,0.8321479374110953,0.7303370786516854,0.8580876851519272,0.8022215120324419,0.14842431889081859,0.4537190186111888,783,314,118,585
5,xgboost,0.7240684793554885,0.15353535353535352,0.7477777777777778,0.6397306397306397,0.8108108108108109,0.7151819322459222,0.8426576554964983,0.7799859127100134,0.17046896303427275,0.5789238794344975,776,321,133,570
5,lightgbm,0.7303944315545243,0.02484848484848485,0.7055555555555556,0.5835748792270531,0.8591749644381224,0.6950517836593786,0.8370040625474103,0.7798904380784049,0.18632900180176953,0.7755023502551087,666,431,99,604
7,rf,0.7385685884691849,0.3317171717171717,0.7416666666666667,0.6134636264929425,0.8382789317507419,0.7084639498432602,0.8503730281292988,0.7815854444838768,0.1507540568090104,0.4621328517123868,770,356,109,565
7,xgboost,0.7304761904761905,0.15353535353535352,0.7244444444444444,0.592901878914405,0.8427299703264095,0.696078431372549,0.8448494183870849,0.7676353477748485,0.16740385777905437,0.5519337755651176,736,390,106,568
7,lightgbm,0.7252124645892352,0.039696969696969696,0.7038888888888889,0.568780487804878,0.8649851632047477,0.6862860506180106,0.8381227896337446,0.7656014465286807,0.18440088327530013,0.7321760549522621,684,442,91,583
