arm,horizon_days,state,n,precision,recall,f1
baseline,1,Haryana,880,0.6387665198237885,0.6415929203539823,0.640176600441501
baseline,1,Punjab,920,0.7576271186440678,0.9235537190082644,0.8324022346368716
baseline,2,Haryana,880,0.5856573705179283,0.6447368421052632,0.6137787056367432
baseline,2,Punjab,920,0.7328881469115192,0.9107883817427386,0.8122109158186863
baseline,3,Haryana,880,0.5173501577287066,0.70995670995671,0.5985401459854015
baseline,3,Punjab,920,0.6838905775075987,0.9473684210526315,0.7943512797881729
baseline,5,Haryana,880,0.5359712230215827,0.6340425531914894,0.5808966861598441
baseline,5,Punjab,920,0.7020933977455717,0.9316239316239316,0.8007346189164372
baseline,7,Haryana,880,0.518796992481203,0.6052631578947368,0.5587044534412956
baseline,7,Punjab,920,0.6519083969465649,0.9573991031390134,0.7756584922797457
balanced,1,Haryana,880,0.6486486486486487,0.6371681415929203,0.6428571428571428
balanced,1,Punjab,920,0.7641996557659209,0.9173553719008265,0.8338028169014085
balanced,2,Haryana,880,0.5891472868217055,0.6666666666666666,0.6255144032921811
balanced,2,Punjab,920,0.7287853577371048,0.9087136929460581,0.8088642659279778
balanced,3,Haryana,880,0.5538461538461539,0.6233766233766234,0.5865580448065173
balanced,3,Punjab,920,0.717607973421927,0.9094736842105263,0.8022284122562674
balanced,5,Haryana,880,0.5358361774744027,0.6680851063829787,0.5946969696969697
balanced,5,Punjab,920,0.6892744479495269,0.9337606837606838,0.7931034482758621
balanced,7,Haryana,880,0.4918032786885246,0.6578947368421053,0.5628517823639774
balanced,7,Punjab,920,0.6414814814814814,0.9708520179372198,0.7725245316681534
positive_1_5,1,Haryana,880,0.6682692307692307,0.6150442477876106,0.640552995391705
positive_1_5,1,Punjab,920,0.7701754385964912,0.9070247933884298,0.8330170777988614
positive_1_5,2,Haryana,880,0.5636363636363636,0.6798245614035088,0.6163021868787275
positive_1_5,2,Punjab,920,0.7231270358306189,0.921161825726141,0.8102189781021898
positive_1_5,3,Haryana,880,0.5228758169934641,0.6926406926406926,0.595903165735568
positive_1_5,3,Punjab,920,0.6925465838509317,0.9389473684210526,0.7971403038427168
positive_1_5,5,Haryana,880,0.5047619047619047,0.676595744680851,0.5781818181818181
positive_1_5,5,Punjab,920,0.6656760772659732,0.9572649572649573,0.7852760736196318
positive_1_5,7,Haryana,880,0.4838709677419355,0.6578947368421053,0.5576208178438662
positive_1_5,7,Punjab,920,0.6460843373493976,0.9618834080717489,0.772972972972973
positive_2,1,Haryana,880,0.6618357487922706,0.6061946902654868,0.6327944572748269
positive_2,1,Punjab,920,0.7703180212014135,0.9008264462809917,0.8304761904761905
positive_2,2,Haryana,880,0.5764705882352941,0.6447368421052632,0.6086956521739131
positive_2,2,Punjab,920,0.7316666666666667,0.9107883817427386,0.8114602587800369
positive_2,3,Haryana,880,0.5701357466063348,0.5454545454545454,0.5575221238938053
positive_2,3,Punjab,920,0.735494880546075,0.9073684210526316,0.8124410933081998
positive_2,5,Haryana,880,0.5398550724637681,0.6340425531914894,0.5831702544031311
positive_2,5,Punjab,920,0.6952380952380952,0.9358974358974359,0.7978142076502732
positive_2,7,Haryana,880,0.4362244897959184,0.75,0.5516129032258064
positive_2,7,Punjab,920,0.6092436974789915,0.9753363228699552,0.7499999999999999
positive_3,1,Haryana,880,0.68,0.6017699115044248,0.6384976525821596
positive_3,1,Punjab,920,0.7883211678832117,0.8925619834710744,0.8372093023255814
positive_3,2,Haryana,880,0.5803921568627451,0.6491228070175439,0.6128364389233956
positive_3,2,Punjab,920,0.7373737373737373,0.9087136929460581,0.8141263940520446
positive_3,3,Haryana,880,0.6129032258064516,0.4935064935064935,0.5467625899280575
positive_3,3,Punjab,920,0.7623400365630713,0.8778947368421053,0.8160469667318982
positive_3,5,Haryana,880,0.4745308310991957,0.7531914893617021,0.5822368421052632
positive_3,5,Punjab,920,0.6350974930362117,0.9743589743589743,0.7689713322091063
positive_3,7,Haryana,880,0.4890282131661442,0.6842105263157895,0.5703839122486289
positive_3,7,Punjab,920,0.6358296622613803,0.9708520179372198,0.7684117125110913
