arm,horizon_days,season,n,precision,recall,f1
baseline,1,Early,765,0.7052980132450332,0.797752808988764,0.7486818980667839
baseline,1,Middle,675,0.8346456692913385,0.8760330578512396,0.8548387096774192
baseline,1,Late,360,0.4552238805970149,0.7625,0.5700934579439253
baseline,2,Early,765,0.6647230320699709,0.7889273356401384,0.7215189873417722
baseline,2,Middle,675,0.7828282828282829,0.8806818181818182,0.8288770053475936
baseline,2,Late,360,0.43243243243243246,0.6956521739130435,0.5333333333333333
baseline,3,Early,765,0.6271186440677966,0.8436482084690554,0.7194444444444444
baseline,3,Middle,675,0.7186046511627907,0.9142011834319527,0.8046875
baseline,3,Late,360,0.3484848484848485,0.7540983606557377,0.47668393782383417
baseline,5,Early,765,0.648471615720524,0.8735294117647059,0.744360902255639
baseline,5,Middle,675,0.7037037037037037,0.86084142394822,0.7743813682678312
baseline,5,Late,360,0.3492063492063492,0.4074074074074074,0.37606837606837606
baseline,7,Early,765,0.6487603305785123,0.8722222222222222,0.7440758293838863
baseline,7,Middle,675,0.6059113300492611,0.9010989010989011,0.7245949926362298
baseline,7,Late,360,0.16129032258064516,0.12195121951219512,0.1388888888888889
balanced,1,Early,765,0.707641196013289,0.797752808988764,0.75
balanced,1,Middle,675,0.8404255319148937,0.8705234159779615,0.8552097428958053
balanced,1,Late,360,0.46825396825396826,0.7375,0.5728155339805825
balanced,2,Early,765,0.6705539358600583,0.7958477508650519,0.7278481012658228
balanced,2,Middle,675,0.7788944723618091,0.8806818181818182,0.8266666666666667
balanced,2,Late,360,0.423728813559322,0.7246376811594203,0.5347593582887701
balanced,3,Early,765,0.6544502617801047,0.8143322475570033,0.7256894049346878
balanced,3,Middle,675,0.7605263157894737,0.8550295857988166,0.8050139275766016
balanced,3,Late,360,0.37,0.6065573770491803,0.45962732919254656
balanced,5,Early,765,0.6477024070021882,0.8705882352941177,0.7427854454203262
balanced,5,Middle,675,0.6911392405063291,0.883495145631068,0.7755681818181819
balanced,5,Late,360,0.3333333333333333,0.46296296296296297,0.38759689922480617
balanced,7,Early,765,0.6363636363636364,0.8944444444444445,0.7436489607390301
balanced,7,Middle,675,0.5879629629629629,0.9304029304029304,0.7205673758865248
balanced,7,Late,360,0.16666666666666666,0.17073170731707318,0.16867469879518074
positive_1_5,1,Early,765,0.7167832167832168,0.7677902621722846,0.7414104882459314
positive_1_5,1,Middle,675,0.8494623655913979,0.8705234159779615,0.8598639455782313
positive_1_5,1,Late,360,0.475,0.7125,0.57
positive_1_5,2,Early,765,0.6538461538461539,0.8235294117647058,0.7289433384379785
positive_1_5,2,Middle,675,0.7660098522167488,0.8835227272727273,0.820580474934037
positive_1_5,2,Late,360,0.42016806722689076,0.7246376811594203,0.5319148936170213
positive_1_5,3,Early,765,0.6345679012345679,0.8371335504885994,0.7219101123595506
positive_1_5,3,Middle,675,0.7285714285714285,0.9053254437869822,0.8073878627968336
positive_1_5,3,Late,360,0.344,0.7049180327868853,0.46236559139784944
positive_1_5,5,Early,765,0.6340956340956341,0.8970588235294118,0.7429963459196103
positive_1_5,5,Middle,675,0.6611374407582938,0.9029126213592233,0.7633378932968535
positive_1_5,5,Late,360,0.27058823529411763,0.42592592592592593,0.3309352517985611
positive_1_5,7,Early,765,0.6343873517786561,0.8916666666666667,0.7413394919168591
positive_1_5,7,Middle,675,0.5837209302325581,0.9194139194139194,0.7140825035561877
positive_1_5,7,Late,360,0.18421052631578946,0.17073170731707318,0.17721518987341772
positive_2,1,Early,765,0.7167832167832168,0.7677902621722846,0.7414104882459314
positive_2,1,Middle,675,0.845945945945946,0.8622589531680441,0.8540245566166439
positive_2,1,Late,360,0.4700854700854701,0.6875,0.5583756345177665
positive_2,2,Early,765,0.661849710982659,0.7923875432525952,0.721259842519685
positive_2,2,Middle,675,0.7783375314861462,0.8778409090909091,0.8251001335113485
positive_2,2,Late,360,0.42857142857142855,0.6956521739130435,0.5303867403314916
positive_2,3,Early,765,0.667574931880109,0.7980456026058632,0.7270029673590503
positive_2,3,Middle,675,0.7593582887700535,0.8402366863905325,0.7977528089887641
positive_2,3,Late,360,0.42424242424242425,0.45901639344262296,0.4409448818897638
positive_2,5,Early,765,0.6443965517241379,0.8794117647058823,0.7437810945273631
positive_2,5,Middle,675,0.7005208333333334,0.8705501618122977,0.7763347763347764
positive_2,5,Late,360,0.3275862068965517,0.35185185185185186,0.3392857142857143
positive_2,7,Early,765,0.5907473309608541,0.9222222222222223,0.7201735357917571
positive_2,7,Middle,675,0.5471698113207547,0.9560439560439561,0.696
positive_2,7,Late,360,0.19402985074626866,0.3170731707317073,0.24074074074074076
positive_3,1,Early,765,0.7194244604316546,0.7490636704119851,0.7339449541284403
positive_3,1,Middle,675,0.8579234972677595,0.8650137741046832,0.8614540466392319
positive_3,1,Late,360,0.5192307692307693,0.675,0.5869565217391304
positive_3,2,Early,765,0.6676300578034682,0.7993079584775087,0.7275590551181103
positive_3,2,Middle,675,0.775,0.8806818181818182,0.824468085106383
positive_3,2,Late,360,0.4368932038834951,0.6521739130434783,0.5232558139534883
positive_3,3,Early,765,0.6976744186046512,0.7817589576547231,0.7373271889400922
positive_3,3,Middle,675,0.7852941176470588,0.7899408284023669,0.7876106194690266
positive_3,3,Late,360,0.4897959183673469,0.39344262295081966,0.43636363636363634
positive_3,5,Early,765,0.5957854406130269,0.9147058823529411,0.7215777262180975
positive_3,5,Middle,675,0.6298701298701299,0.941747572815534,0.754863813229572
positive_3,5,Late,360,0.2897196261682243,0.5740740740740741,0.3850931677018633
positive_3,7,Early,765,0.6264367816091954,0.9083333333333333,0.7414965986394557
positive_3,7,Middle,675,0.5763097949886105,0.9267399267399268,0.7106741573033708
positive_3,7,Late,360,0.23076923076923078,0.21951219512195122,0.225
