arm,horizon_days,transition,n,correct,accuracy
baseline,1,N_to_N,923,826,0.894907908992416
baseline,1,N_to_E,161,65,0.40372670807453415
baseline,1,E_to_N,167,39,0.23353293413173654
baseline,1,E_to_E,549,527,0.9599271402550091
baseline,2,N_to_N,893,783,0.8768197088465846
baseline,2,N_to_E,191,92,0.4816753926701571
baseline,2,E_to_N,197,43,0.2182741116751269
baseline,2,E_to_E,519,494,0.9518304431599229
baseline,3,N_to_N,876,697,0.795662100456621
baseline,3,N_to_E,208,129,0.6201923076923077
baseline,3,E_to_N,218,36,0.1651376146788991
baseline,3,E_to_E,498,485,0.9738955823293173
baseline,5,N_to_N,887,726,0.818489289740699
baseline,5,N_to_E,197,111,0.5634517766497462
baseline,5,E_to_N,210,57,0.2714285714285714
baseline,5,E_to_E,506,474,0.9367588932806324
baseline,7,N_to_N,867,679,0.7831603229527105
baseline,7,N_to_E,217,136,0.6267281105990783
baseline,7,E_to_N,259,91,0.35135135135135137
baseline,7,E_to_E,457,429,0.9387308533916849
balanced,1,N_to_N,923,834,0.9035752979414952
balanced,1,N_to_E,161,62,0.38509316770186336
balanced,1,E_to_N,167,41,0.24550898203592814
balanced,1,E_to_E,549,526,0.9581056466302368
balanced,2,N_to_N,893,782,0.8756998880179171
balanced,2,N_to_E,191,92,0.4816753926701571
balanced,2,E_to_N,197,39,0.19796954314720813
balanced,2,E_to_E,519,498,0.9595375722543352
balanced,3,N_to_N,876,750,0.8561643835616438
balanced,3,N_to_E,208,106,0.5096153846153846
balanced,3,E_to_N,218,58,0.26605504587155965
balanced,3,E_to_E,498,470,0.9437751004016064
balanced,5,N_to_N,887,716,0.8072153325817362
balanced,5,N_to_E,197,114,0.5786802030456852
balanced,5,E_to_N,210,48,0.22857142857142856
balanced,5,E_to_E,506,480,0.9486166007905138
balanced,7,N_to_N,867,654,0.754325259515571
balanced,7,N_to_E,217,149,0.6866359447004609
balanced,7,E_to_N,259,75,0.28957528957528955
balanced,7,E_to_E,457,434,0.949671772428884
positive_1_5,1,N_to_N,923,839,0.9089924160346695
positive_1_5,1,N_to_E,161,60,0.37267080745341613
positive_1_5,1,E_to_N,167,51,0.30538922155688625
positive_1_5,1,E_to_E,549,518,0.9435336976320583
positive_1_5,2,N_to_N,893,762,0.8533034714445689
positive_1_5,2,N_to_E,191,101,0.5287958115183246
positive_1_5,2,E_to_N,197,38,0.19289340101522842
positive_1_5,2,E_to_E,519,498,0.9595375722543352
positive_1_5,3,N_to_N,876,712,0.8127853881278538
positive_1_5,3,N_to_E,208,126,0.6057692307692307
positive_1_5,3,E_to_N,218,38,0.1743119266055046
positive_1_5,3,E_to_E,498,480,0.963855421686747
positive_1_5,5,N_to_N,887,674,0.7598647125140925
positive_1_5,5,N_to_E,197,128,0.649746192893401
positive_1_5,5,E_to_N,210,42,0.2
positive_1_5,5,E_to_E,506,479,0.9466403162055336
positive_1_5,7,N_to_N,867,656,0.7566320645905421
positive_1_5,7,N_to_E,217,145,0.6682027649769585
positive_1_5,7,E_to_N,259,75,0.28957528957528955
positive_1_5,7,E_to_E,457,434,0.949671772428884
positive_2,1,N_to_N,923,842,0.9122426868905742
positive_2,1,N_to_E,161,59,0.36645962732919257
positive_2,1,E_to_N,167,48,0.2874251497005988
positive_2,1,E_to_E,549,514,0.936247723132969
positive_2,2,N_to_N,893,778,0.8712206047032475
positive_2,2,N_to_E,191,92,0.4816753926701571
positive_2,2,E_to_N,197,43,0.2182741116751269
positive_2,2,E_to_E,519,494,0.9518304431599229
positive_2,3,N_to_N,876,773,0.882420091324201
positive_2,3,N_to_E,208,100,0.4807692307692308
positive_2,3,E_to_N,218,71,0.3256880733944954
positive_2,3,E_to_E,498,457,0.9176706827309237
positive_2,5,N_to_N,887,720,0.8117249154453213
positive_2,5,N_to_E,197,117,0.5939086294416244
positive_2,5,E_to_N,210,58,0.2761904761904762
positive_2,5,E_to_E,506,470,0.9288537549407114
positive_2,7,N_to_N,867,570,0.657439446366782
positive_2,7,N_to_E,217,166,0.7649769585253456
positive_2,7,E_to_N,259,56,0.21621621621621623
positive_2,7,E_to_E,457,440,0.962800875273523
positive_3,1,N_to_N,923,856,0.9274106175514626
positive_3,1,N_to_E,161,57,0.35403726708074534
positive_3,1,E_to_N,167,54,0.32335329341317365
positive_3,1,E_to_E,549,511,0.930783242258652
positive_3,2,N_to_N,893,780,0.8734602463605823
positive_3,2,N_to_E,191,92,0.4816753926701571
positive_3,2,E_to_N,197,47,0.23857868020304568
positive_3,2,E_to_E,519,494,0.9518304431599229
positive_3,3,N_to_N,876,810,0.9246575342465754
positive_3,3,N_to_E,208,87,0.4182692307692308
positive_3,3,E_to_N,218,82,0.3761467889908257
positive_3,3,E_to_E,498,444,0.891566265060241
positive_3,5,N_to_N,887,603,0.6798196166854565
positive_3,5,N_to_E,197,144,0.7309644670050761
positive_3,5,E_to_N,210,36,0.17142857142857143
positive_3,5,E_to_E,506,489,0.9664031620553359
positive_3,7,N_to_N,867,639,0.7370242214532872
positive_3,7,N_to_E,217,153,0.7050691244239631
positive_3,7,E_to_N,259,76,0.29343629343629346
positive_3,7,E_to_E,457,436,0.9540481400437637
