horizon,transition,n,spatial_recall,spatial_precision,spatial_f1
1,E→E,549,0.9380692167577414,1.0,0.9680451127819549
1,E→N,167,0.0,0.0,0.0
1,N→E,161,0.32919254658385094,1.0,0.4953271028037383
1,N→N,923,0.0,0.0,0.0
2,E→E,519,0.9325626204238922,1.0,0.9651046859421735
2,E→N,197,0.0,0.0,0.0
2,N→E,191,0.43455497382198954,1.0,0.6058394160583942
2,N→N,893,0.0,0.0,0.0
3,E→E,498,0.9578313253012049,1.0,0.9784615384615385
3,E→N,218,0.0,0.0,0.0
3,N→E,208,0.5865384615384616,1.0,0.7393939393939394
3,N→N,876,0.0,0.0,0.0
5,E→E,506,0.9150197628458498,1.0,0.95562435500516
5,E→N,210,0.0,0.0,0.0
5,N→E,197,0.5025380710659898,1.0,0.668918918918919
5,N→N,887,0.0,0.0,0.0
7,E→E,457,0.9518599562363238,1.0,0.9753363228699552
7,E→N,259,0.0,0.0,0.0
7,N→E,217,0.6728110599078341,1.0,0.8044077134986226
7,N→N,867,0.0,0.0,0.0
