horizon,current_fire_regime,n,actual_elevated_rate,spatial_accuracy,spatial_precision,spatial_recall,spatial_f1
1,No current fire,724,0.07596685082872928,0.9033149171270718,0.2727272727272727,0.16363636363636364,0.20454545454545456
1,Low current fire,360,0.29444444444444445,0.6555555555555556,0.41509433962264153,0.41509433962264153,0.41509433962264153
1,Elevated current fire,716,0.7667597765363129,0.7960893854748603,0.8213716108452951,0.9380692167577414,0.8758503401360545
2,No current fire,724,0.106353591160221,0.8908839779005525,0.4772727272727273,0.2727272727272727,0.34710743801652894
2,Low current fire,360,0.31666666666666665,0.6666666666666666,0.47692307692307695,0.543859649122807,0.5081967213114754
2,Elevated current fire,716,0.7248603351955307,0.7472067039106145,0.7682539682539683,0.9325626204238922,0.8424717145343777
3,No current fire,724,0.1270718232044199,0.850828729281768,0.4148936170212766,0.42391304347826086,0.41935483870967744
3,Low current fire,360,0.32222222222222224,0.6277777777777778,0.45108695652173914,0.7155172413793104,0.5533333333333333
3,Elevated current fire,716,0.6955307262569832,0.7220670391061452,0.7282442748091603,0.9578313253012049,0.8274067649609714
5,No current fire,724,0.12154696132596685,0.8715469613259669,0.4657534246575342,0.38636363636363635,0.422360248447205
5,Low current fire,360,0.30277777777777776,0.6777777777777778,0.4744525547445255,0.5963302752293578,0.5284552845528455
5,Elevated current fire,716,0.7067039106145251,0.7374301675977654,0.7615131578947368,0.9150197628458498,0.8312387791741472
7,No current fire,724,0.13674033149171272,0.7734806629834254,0.32044198895027626,0.5858585858585859,0.4142857142857143
7,Low current fire,360,0.3277777777777778,0.6527777777777778,0.4808743169398907,0.7457627118644068,0.584717607973422
7,Elevated current fire,716,0.638268156424581,0.7122905027932961,0.7027463651050081,0.9518599562363238,0.8085501858736059
