horizon,state,current_fire_regime,n,actual_elevated_rate,spatial_accuracy,spatial_precision,spatial_recall,spatial_f1
1,Haryana,No current fire,466,0.06223175965665236,0.9206008583690987,0.1,0.034482758620689655,0.05128205128205128
1,Haryana,Low current fire,185,0.2702702702702703,0.7081081081081081,0.43333333333333335,0.26,0.325
1,Haryana,Elevated current fire,229,0.6419213973799127,0.7030567685589519,0.7423312883435583,0.8231292517006803,0.7806451612903226
1,Punjab,No current fire,258,0.10077519379844961,0.872093023255814,0.34782608695652173,0.3076923076923077,0.32653061224489793
1,Punjab,Low current fire,175,0.32,0.6,0.40789473684210525,0.5535714285714286,0.4696969696969697
1,Punjab,Elevated current fire,487,0.8254620123203286,0.839835728952772,0.8491379310344828,0.9800995024875622,0.9099307159353349
2,Haryana,No current fire,466,0.08583690987124463,0.9141630901287554,0.5,0.25,0.3333333333333333
2,Haryana,Low current fire,185,0.2810810810810811,0.7189189189189189,0.5,0.40384615384615385,0.44680851063829785
2,Haryana,Elevated current fire,229,0.5938864628820961,0.6331877729257642,0.6604938271604939,0.7867647058823529,0.7181208053691275
2,Punjab,No current fire,258,0.1434108527131783,0.8488372093023255,0.4583333333333333,0.2972972972972973,0.36065573770491804
2,Punjab,Low current fire,175,0.35428571428571426,0.6114285714285714,0.4659090909090909,0.6612903225806451,0.5466666666666666
2,Punjab,Elevated current fire,487,0.7864476386036962,0.8008213552361396,0.8055555555555556,0.9843342036553525,0.8860164512338425
3,Haryana,No current fire,466,0.11802575107296137,0.871244635193133,0.44680851063829785,0.38181818181818183,0.4117647058823529
3,Haryana,Low current fire,185,0.2918918918918919,0.6648648648648648,0.4411764705882353,0.5555555555555556,0.4918032786885246
3,Haryana,Elevated current fire,229,0.5327510917030568,0.5851528384279476,0.574585635359116,0.8524590163934426,0.6864686468646864
3,Punjab,No current fire,258,0.1434108527131783,0.813953488372093,0.3829787234042553,0.4864864864864865,0.42857142857142855
3,Punjab,Low current fire,175,0.35428571428571426,0.5885714285714285,0.45689655172413796,0.8548387096774194,0.5955056179775281
3,Punjab,Elevated current fire,487,0.7720739219712526,0.7864476386036962,0.7869198312236287,0.9920212765957447,0.8776470588235294
5,Haryana,No current fire,466,0.09227467811158799,0.8841201716738197,0.3333333333333333,0.2558139534883721,0.2894736842105263
5,Haryana,Low current fire,185,0.2756756756756757,0.6810810810810811,0.4090909090909091,0.35294117647058826,0.37894736842105264
5,Haryana,Elevated current fire,229,0.6157205240174672,0.6331877729257642,0.6815286624203821,0.7588652482269503,0.7181208053691275
5,Punjab,No current fire,258,0.1744186046511628,0.8488372093023255,0.575,0.5111111111111111,0.5411764705882353
5,Punjab,Low current fire,175,0.3314285714285714,0.6742857142857143,0.5053763440860215,0.8103448275862069,0.6225165562913907
5,Punjab,Elevated current fire,487,0.7494866529774127,0.7864476386036962,0.7893569844789357,0.9753424657534246,0.8725490196078431
7,Haryana,No current fire,466,0.10515021459227468,0.8111587982832618,0.2,0.2653061224489796,0.22807017543859648
7,Haryana,Low current fire,185,0.2972972972972973,0.654054054054054,0.43478260869565216,0.5454545454545454,0.4838709677419355
7,Haryana,Elevated current fire,229,0.5414847161572053,0.6637554585152838,0.6407185628742516,0.8629032258064516,0.7353951890034365
7,Punjab,No current fire,258,0.1937984496124031,0.7054263565891473,0.3879310344827586,0.9,0.5421686746987951
7,Punjab,Low current fire,175,0.36,0.6514285714285715,0.5087719298245614,0.9206349206349206,0.655367231638418
7,Punjab,Elevated current fire,487,0.6837782340862423,0.7351129363449692,0.7256637168141593,0.984984984984985,0.8356687898089172
