date,state,district,T2M,RH2M,WS2M,PRECTOTCORR
2026-10-02,Haryana,Ambala,27.3,67,10.7,0.0
2026-10-02,Haryana,Bhiwani,28.5,53,7.8,0.0
2026-10-02,Haryana,Charkhi Dadri,28.1,56,7.2,0.0
2026-10-02,Haryana,Faridabad,29.5,52,8.0,0.0
2026-10-02,Haryana,Fatehabad,27.9,63,5.5,0.0
2026-10-02,Haryana,Gurugram,28.5,56,7.2,0.0
2026-10-02,Haryana,Hisar,28.4,59,6.2,0.0
2026-10-02,Haryana,Jhajjar,28.2,59,7.2,0.0
2026-10-02,Haryana,Jind,26.9,70,6.1,0.0
2026-10-02,Haryana,Kaithal,26.7,72,7.9,0.0
2026-10-02,Haryana,Karnal,26.9,71,9.6,0.0
2026-10-02,Haryana,Kurukshetra,26.9,71,9.7,0.0
2026-10-02,Haryana,Mahendragarh,29.2,48,7.0,0.0
2026-10-02,Haryana,Nuh,28.5,55,6.6,0.0
2026-10-02,Haryana,Palwal,27.8,61,6.8,0.0
2026-10-02,Haryana,Panchkula,25.2,67,10.2,0.0
2026-10-02,Haryana,Panipat,26.4,73,8.1,0.0
2026-10-02,Haryana,Rewari,29.0,50,7.9,0.0
2026-10-02,Haryana,Rohtak,27.6,63,7.4,0.0
2026-10-02,Haryana,Sirsa,28.7,56,5.7,0.0
2026-10-02,Haryana,Sonipat,27.2,65,8.1,0.0
2026-10-02,Haryana,Yamunanagar,25.9,77,6.5,0.0
2026-10-02,Punjab,Amritsar,28.0,67,3.3,0.0
2026-10-02,Punjab,Barnala,26.9,72,3.5,0.0
2026-10-02,Punjab,Bathinda,28.7,62,3.2,0.0
2026-10-02,Punjab,Faridkot,28.4,62,3.0,0.0
2026-10-02,Punjab,Fatehgarh Sahib,27.5,67,8.8,0.0
2026-10-02,Punjab,Fazilka,28.8,58,5.3,0.0
2026-10-02,Punjab,Ferozepur,28.1,66,2.5,0.0
2026-10-02,Punjab,Gurdaspur,27.4,69,3.5,0.0
2026-10-02,Punjab,Hoshiarpur,27.9,64,4.4,0.0
2026-10-02,Punjab,Jalandhar,27.7,67,4.4,0.0
2026-10-02,Punjab,Kapurthala,27.6,67,4.1,0.0
2026-10-02,Punjab,Ludhiana,27.8,65,5.2,0.0
2026-10-02,Punjab,Malerkotla,26.8,73,5.7,0.0
2026-10-02,Punjab,Mansa,27.7,66,3.7,0.0
2026-10-02,Punjab,Moga,28.2,65,3.5,0.0
2026-10-02,Punjab,Pathankot,26.2,72,4.8,0.0
2026-10-02,Punjab,Patiala,26.8,72,7.4,0.0
2026-10-02,Punjab,Rupnagar,26.8,71,6.2,0.0
2026-10-02,Punjab,S A S Nagar,26.9,69,10.8,0.0
2026-10-02,Punjab,Sangrur,27.2,70,5.0,0.0
2026-10-02,Punjab,Shahid Bhagat Singh Nagar,27.2,69,6.5,0.0
2026-10-02,Punjab,Sri Muktsar Sahib,29.0,55,5.3,0.0
2026-10-02,Punjab,Tarn Taran,27.8,67,3.3,0.0
2026-10-03,Haryana,Ambala,27.6,67,9.3,0.0
2026-10-03,Haryana,Bhiwani,29.0,45,9.2,0.0
2026-10-03,Haryana,Charkhi Dadri,28.7,47,9.1,0.0
2026-10-03,Haryana,Faridabad,29.7,47,8.2,0.0
2026-10-03,Haryana,Fatehabad,27.9,60,6.2,0.0
2026-10-03,Haryana,Gurugram,28.6,50,7.7,0.0
2026-10-03,Haryana,Hisar,28.4,56,6.5,0.0
2026-10-03,Haryana,Jhajjar,28.3,53,7.8,0.0
2026-10-03,Haryana,Jind,27.0,69,6.0,0.0
2026-10-03,Haryana,Kaithal,27.3,70,6.9,0.0
2026-10-03,Haryana,Karnal,27.2,70,7.8,0.0
2026-10-03,Haryana,Kurukshetra,27.1,72,7.5,0.0
2026-10-03,Haryana,Mahendragarh,29.7,38,12.1,0.0
2026-10-03,Haryana,Nuh,28.5,48,9.1,0.0
2026-10-03,Haryana,Palwal,27.8,57,7.0,0.0
2026-10-03,Haryana,Panchkula,25.6,64,10.5,0.0
2026-10-03,Haryana,Panipat,26.6,73,7.1,0.0
2026-10-03,Haryana,Rewari,29.3,42,10.7,0.0
2026-10-03,Haryana,Rohtak,27.7,60,7.3,0.0
2026-10-03,Haryana,Sirsa,28.7,57,6.6,0.0
2026-10-03,Haryana,Sonipat,27.3,64,7.5,0.0
2026-10-03,Haryana,Yamunanagar,25.7,81,4.6,0.0
2026-10-03,Punjab,Amritsar,28.0,68,3.2,0.0
2026-10-03,Punjab,Barnala,27.4,73,3.3,0.0
2026-10-03,Punjab,Bathinda,29.0,59,4.3,0.0
2026-10-03,Punjab,Faridkot,28.7,65,3.0,0.0
2026-10-03,Punjab,Fatehgarh Sahib,27.7,67,6.4,0.0
2026-10-03,Punjab,Fazilka,28.8,58,5.7,0.0
2026-10-03,Punjab,Ferozepur,28.4,68,2.7,0.0
2026-10-03,Punjab,Gurdaspur,27.4,70,3.7,0.0
2026-10-03,Punjab,Hoshiarpur,28.1,64,4.0,0.0
2026-10-03,Punjab,Jalandhar,28.0,67,3.5,0.0
2026-10-03,Punjab,Kapurthala,27.7,71,3.3,0.0
2026-10-03,Punjab,Ludhiana,28.0,66,3.3,0.0
2026-10-03,Punjab,Malerkotla,27.4,72,3.7,0.0
2026-10-03,Punjab,Mansa,27.9,64,5.9,0.0
2026-10-03,Punjab,Moga,28.7,65,3.0,0.0
2026-10-03,Punjab,Pathankot,26.0,71,4.6,0.0
2026-10-03,Punjab,Patiala,27.2,73,5.8,0.0
2026-10-03,Punjab,Rupnagar,27.2,68,4.7,0.0
2026-10-03,Punjab,S A S Nagar,27.2,68,8.5,0.0
2026-10-03,Punjab,Sangrur,27.8,68,5.3,0.0
2026-10-03,Punjab,Shahid Bhagat Singh Nagar,27.6,68,4.2,0.0
2026-10-03,Punjab,Sri Muktsar Sahib,29.1,56,5.3,0.0
2026-10-03,Punjab,Tarn Taran,28.0,68,3.6,0.0
2026-10-04,Haryana,Ambala,26.9,75,3.8,0.0
2026-10-04,Haryana,Bhiwani,29.6,44,10.7,0.0
2026-10-04,Haryana,Charkhi Dadri,29.2,47,10.3,0.0
2026-10-04,Haryana,Faridabad,29.5,46,8.5,0.0
2026-10-04,Haryana,Fatehabad,27.8,61,5.7,0.0
2026-10-04,Haryana,Gurugram,29.0,48,9.4,0.0
2026-10-04,Haryana,Hisar,28.5,53,7.8,0.0
2026-10-04,Haryana,Jhajjar,28.7,50,9.2,0.0
2026-10-04,Haryana,Jind,26.9,66,5.6,0.0
2026-10-04,Haryana,Kaithal,27.1,73,3.5,0.0
2026-10-04,Haryana,Karnal,27.3,73,3.6,0.0
2026-10-04,Haryana,Kurukshetra,27.0,77,3.9,0.0
2026-10-04,Haryana,Mahendragarh,30.5,37,14.4,0.0
2026-10-04,Haryana,Nuh,29.5,45,9.3,0.0
2026-10-04,Haryana,Palwal,28.3,56,6.8,0.0
2026-10-04,Haryana,Panchkula,24.3,73,5.7,0.0
2026-10-04,Haryana,Panipat,26.4,71,4.5,0.0
2026-10-04,Haryana,Rewari,29.8,41,10.6,0.0
2026-10-04,Haryana,Rohtak,27.8,57,7.6,0.0
2026-10-04,Haryana,Sirsa,28.8,56,7.4,0.0
2026-10-04,Haryana,Sonipat,27.3,61,7.0,0.0
2026-10-04,Haryana,Yamunanagar,25.9,82,4.1,0.0
2026-10-04,Punjab,Amritsar,28.1,68,3.3,0.0
2026-10-04,Punjab,Barnala,27.4,76,3.2,0.0
2026-10-04,Punjab,Bathinda,28.4,64,4.4,0.0
2026-10-04,Punjab,Faridkot,28.5,68,4.8,0.0
2026-10-04,Punjab,Fatehgarh Sahib,27.5,70,3.3,0.0
2026-10-04,Punjab,Fazilka,29.1,62,4.6,0.0
2026-10-04,Punjab,Ferozepur,28.5,70,4.0,0.0
2026-10-04,Punjab,Gurdaspur,28.0,68,3.3,0.0
2026-10-04,Punjab,Hoshiarpur,28.9,57,3.3,0.0
2026-10-04,Punjab,Jalandhar,28.3,67,4.0,0.0
2026-10-04,Punjab,Kapurthala,27.9,69,3.5,0.0
2026-10-04,Punjab,Ludhiana,27.9,69,3.7,0.0
2026-10-04,Punjab,Malerkotla,27.4,75,3.0,0.0
2026-10-04,Punjab,Mansa,27.8,63,4.8,0.0
2026-10-04,Punjab,Moga,28.5,68,4.2,0.0
2026-10-04,Punjab,Pathankot,26.5,69,4.8,0.0
2026-10-04,Punjab,Patiala,27.5,74,3.0,0.0
2026-10-04,Punjab,Rupnagar,27.0,69,2.7,0.0
2026-10-04,Punjab,S A S Nagar,27.0,70,4.7,0.0
2026-10-04,Punjab,Sangrur,27.5,70,4.0,0.0
2026-10-04,Punjab,Shahid Bhagat Singh Nagar,27.6,67,3.9,0.0
2026-10-04,Punjab,Sri Muktsar Sahib,29.4,59,4.7,0.0
2026-10-04,Punjab,Tarn Taran,27.8,71,4.3,0.0
