check,expected,actual,status
+1d RF accuracy,0.8094,0.8094,PASS
+1d RF precision,0.7246,0.7246,PASS
+1d RF recall,0.8338,0.8338,PASS
+1d RF f1,0.7754,0.7754,PASS
+1d RF roc_auc,0.8953,0.8953,PASS
+1d RF pr_auc,0.8582,0.8582,PASS
+2d RF accuracy,0.7844,0.7844444444444445,PASS
+2d RF precision,0.6894,0.6894117647058824,PASS
+2d RF recall,0.8254,0.8253521126760563,PASS
+2d RF f1,0.7513,0.7512820512820513,PASS
+2d RF roc_auc,0.8795,0.8794572942240599,PASS
+2d RF pr_auc,0.8369,0.8368775026623864,PASS
+3d RF accuracy,0.7483,0.7483,PASS
+3d RF precision,0.6297,0.6297,PASS
+3d RF recall,0.8697,0.8697,PASS
+3d RF f1,0.7305,0.7305,PASS
+3d RF roc_auc,0.8683,0.8683,PASS
+3d RF pr_auc,0.8193,0.8193,PASS
+5d RF accuracy,0.76,0.76,PASS
+5d RF precision,0.6507,0.6507,PASS
+5d RF recall,0.8321,0.8321,PASS
+5d RF f1,0.7303,0.7303,PASS
+5d RF roc_auc,0.8581,0.8581,PASS
+5d RF pr_auc,0.8022,0.8022,PASS
+7d RF accuracy,0.7417,0.7417,PASS
+7d RF precision,0.6135,0.6135,PASS
+7d RF recall,0.8383,0.8383,PASS
+7d RF f1,0.7085,0.7085,PASS
+7d RF roc_auc,0.8504,0.8504,PASS
+7d RF pr_auc,0.7816,0.7816,PASS
+1d Persistence F1,0.77,0.77,PASS
+2d Persistence F1,0.7279,0.7279,PASS
+3d Persistence F1,0.7004,0.7004,PASS
+5d Persistence F1,0.7132,0.7132,PASS
+7d Persistence F1,0.6576,0.6576,PASS
+1d N→E recall,0.4037,0.4037267080745341,PASS
+1d E→E recall,0.9599,0.9599271402550092,PASS
+2d N→E recall,0.4817,0.4816753926701571,PASS
+2d E→E recall,0.9518,0.9518304431599228,PASS
+3d N→E recall,0.6202,0.6201923076923077,PASS
+3d E→E recall,0.9739,0.9738955823293172,PASS
+5d N→E recall,0.5635,0.5634517766497462,PASS
+5d E→E recall,0.9368,0.9367588932806324,PASS
+7d N→E recall,0.6267,0.6267281105990783,PASS
+7d E→E recall,0.9387,0.9387308533916848,PASS
ML dataset total rows,5400.0,5400.0,PASS
ML dataset columns,51.0,51.0,PASS
ML dataset districts,45.0,45.0,PASS
ML dataset states,2.0,2.0,PASS
Train rows 2023,1800.0,1800.0,PASS
Val rows 2024,1800.0,1800.0,PASS
Test rows 2025,1800.0,1800.0,PASS
Missing values,0.0,0.0,PASS
Both correct count,6120.0,6120.0,PASS
Both wrong count,1226.0,1226.0,PASS
Persistence only correct,855.0,855.0,PASS
RF only correct,799.0,799.0,PASS
+1d trend ΔF1,-0.0091,-0.009070033670033673,PASS
+2d trend ΔF1,-0.0015,-0.0014403793377827379,PASS
+3d trend ΔF1,-0.0077,-0.007692982456140363,PASS
+5d trend ΔF1,-0.0016,-0.0016277742142398743,PASS
+7d trend ΔF1,-0.0152,-0.015230196545562902,PASS
+1d spatial ΔF1,-0.0057,-0.00575230352303524,PASS
+2d spatial ΔF1,-0.0023,-0.002272804254310201,PASS
+3d spatial ΔF1,0.0004,0.00043349603416709126,PASS
+5d spatial ΔF1,0.0087,0.008687508218277462,PASS
+7d spatial ΔF1,-0.0072,-0.007232649366324728,PASS
+1d V2.4 ΔF1,-0.0114,-0.011392926415025206,PASS
+2d V2.4 ΔF1,-0.001,-0.0009603009603009749,PASS
+3d V2.4 ΔF1,0.0053,0.00525994776151395,PASS
+5d V2.4 ΔF1,-0.0185,-0.018492647302245202,PASS
+7d V2.4 ΔF1,-0.0161,-0.016064899962025092,PASS
+1d V2.5 baseline F1 matches V2,0.7754,0.7753765553372626,PASS
+2d V2.5 baseline F1 matches V2,0.7513,0.7512820512820513,PASS
+3d V2.5 baseline F1 matches V2,0.7305,0.7305175490779298,PASS
+5d V2.5 baseline F1 matches V2,0.7303,0.7303370786516854,PASS
+7d V2.5 baseline F1 matches V2,0.7085,0.7084639498432602,PASS
+1d V2.6 frozen_v2_rf F1 matches V2,0.7754,0.7753765553372626,PASS
+2d V2.6 frozen_v2_rf F1 matches V2,0.7513,0.7512820512820513,PASS
+3d V2.6 frozen_v2_rf F1 matches V2,0.7305,0.7305175490779298,PASS
+5d V2.6 frozen_v2_rf F1 matches V2,0.7303,0.7303370786516854,PASS
+7d V2.6 frozen_v2_rf F1 matches V2,0.7085,0.7084639498432602,PASS
+1d V2.7 RF F1 matches V2,0.7754,0.7753765553372626,PASS
+2d V2.7 RF F1 matches V2,0.7513,0.7512820512820513,PASS
+3d V2.7 RF F1 matches V2,0.7305,0.7305175490779298,PASS
+5d V2.7 RF F1 matches V2,0.7303,0.7303370786516854,PASS
+7d V2.7 RF F1 matches V2,0.7085,0.7084639498432602,PASS
+1d RF threshold,0.4109090909090909,0.410909,PASS
+2d RF threshold,0.3663636363636363,0.3663636363636363,PASS
+3d RF threshold,0.297070707070707,0.297071,PASS
+5d RF threshold,0.3564646464646465,0.356465,PASS
+7d RF threshold,0.3317171717171717,0.331717,PASS
