horizon,state,district,total,actual_elevated,predicted_elevated,TP,TN,FP,FN,precision,recall,f1,fp_rate,fn_rate
+1d,Haryana,Ambala,40.0,4.0,4.0,0.0,32.0,4.0,4.0,0.0,0.0,0.0,0.1111111111111111,1.0
+1d,Haryana,Bhiwani,40.0,6.0,1.0,1.0,34.0,0.0,5.0,1.0,0.16666666666666666,0.2857142857142857,0.0,0.8333333333333334
+1d,Haryana,Charkhi Dadri,40.0,0.0,0.0,0.0,40.0,0.0,0.0,0.0,0.0,0.0,0.0,
+1d,Haryana,Faridabad,40.0,15.0,7.0,3.0,21.0,4.0,12.0,0.42857142857142855,0.2,0.2727272727272727,0.16,0.8
+1d,Haryana,Fatehabad,40.0,22.0,26.0,18.0,10.0,8.0,4.0,0.6923076923076923,0.8181818181818182,0.75,0.4444444444444444,0.18181818181818182
+1d,Haryana,Gurugram,40.0,0.0,0.0,0.0,40.0,0.0,0.0,0.0,0.0,0.0,0.0,
+1d,Haryana,Hisar,40.0,29.0,35.0,28.0,4.0,7.0,1.0,0.8,0.9655172413793104,0.875,0.6363636363636364,0.034482758620689655
+1d,Haryana,Jhajjar,40.0,14.0,8.0,4.0,22.0,4.0,10.0,0.5,0.2857142857142857,0.36363636363636365,0.15384615384615385,0.7142857142857143
+1d,Haryana,Jind,40.0,27.0,36.0,25.0,2.0,11.0,2.0,0.6944444444444444,0.9259259259259259,0.7936507936507936,0.8461538461538461,0.07407407407407407
+1d,Haryana,Kaithal,40.0,17.0,22.0,13.0,14.0,9.0,4.0,0.5909090909090909,0.7647058823529411,0.6666666666666666,0.391304347826087,0.23529411764705882
+1d,Haryana,Karnal,40.0,7.0,9.0,1.0,25.0,8.0,6.0,0.1111111111111111,0.14285714285714285,0.125,0.24242424242424243,0.8571428571428571
+1d,Haryana,Kurukshetra,40.0,9.0,7.0,2.0,26.0,5.0,7.0,0.2857142857142857,0.2222222222222222,0.25,0.16129032258064516,0.7777777777777778
+1d,Haryana,Mahendragarh,40.0,0.0,0.0,0.0,40.0,0.0,0.0,0.0,0.0,0.0,0.0,
+1d,Haryana,Nuh,40.0,0.0,0.0,0.0,40.0,0.0,0.0,0.0,0.0,0.0,0.0,
+1d,Haryana,Palwal,40.0,6.0,6.0,1.0,29.0,5.0,5.0,0.16666666666666666,0.16666666666666666,0.16666666666666666,0.14705882352941177,0.8333333333333334
+1d,Haryana,Panchkula,40.0,0.0,0.0,0.0,40.0,0.0,0.0,0.0,0.0,0.0,0.0,
+1d,Haryana,Panipat,40.0,6.0,0.0,0.0,34.0,0.0,6.0,0.0,0.0,0.0,0.0,1.0
+1d,Haryana,Rewari,40.0,0.0,0.0,0.0,40.0,0.0,0.0,0.0,0.0,0.0,0.0,
+1d,Haryana,Rohtak,40.0,18.0,17.0,14.0,19.0,3.0,4.0,0.8235294117647058,0.7777777777777778,0.8,0.13636363636363635,0.2222222222222222
+1d,Haryana,Sirsa,40.0,27.0,31.0,24.0,6.0,7.0,3.0,0.7741935483870968,0.8888888888888888,0.8275862068965517,0.5384615384615384,0.1111111111111111
+1d,Haryana,Sonipat,40.0,16.0,17.0,11.0,18.0,6.0,5.0,0.6470588235294118,0.6875,0.6666666666666666,0.25,0.3125
+1d,Haryana,Yamunanagar,40.0,3.0,1.0,0.0,36.0,1.0,3.0,0.0,0.0,0.0,0.02702702702702703,1.0
+1d,Punjab,Amritsar,40.0,29.0,34.0,28.0,5.0,6.0,1.0,0.8235294117647058,0.9655172413793104,0.8888888888888888,0.5454545454545454,0.034482758620689655
+1d,Punjab,Barnala,40.0,11.0,17.0,8.0,20.0,9.0,3.0,0.47058823529411764,0.7272727272727273,0.5714285714285714,0.3103448275862069,0.2727272727272727
+1d,Punjab,Bathinda,40.0,34.0,36.0,32.0,2.0,4.0,2.0,0.8888888888888888,0.9411764705882353,0.9142857142857143,0.6666666666666666,0.058823529411764705
+1d,Punjab,Faridkot,40.0,21.0,30.0,19.0,8.0,11.0,2.0,0.6333333333333333,0.9047619047619048,0.7450980392156863,0.5789473684210527,0.09523809523809523
+1d,Punjab,Fatehgarh Sahib,40.0,20.0,24.0,16.0,12.0,8.0,4.0,0.6666666666666666,0.8,0.7272727272727273,0.4,0.2
+1d,Punjab,Fazilka,40.0,31.0,37.0,29.0,1.0,8.0,2.0,0.7837837837837838,0.9354838709677419,0.8529411764705882,0.8888888888888888,0.06451612903225806
+1d,Punjab,Ferozepur,40.0,34.0,40.0,34.0,0.0,6.0,0.0,0.85,1.0,0.918918918918919,1.0,0.0
+1d,Punjab,Gurdaspur,40.0,23.0,30.0,23.0,10.0,7.0,0.0,0.7666666666666667,1.0,0.8679245283018868,0.4117647058823529,0.0
+1d,Punjab,Hoshiarpur,40.0,6.0,9.0,3.0,28.0,6.0,3.0,0.3333333333333333,0.5,0.4,0.17647058823529413,0.5
+1d,Punjab,Jalandhar,40.0,25.0,29.0,21.0,7.0,8.0,4.0,0.7241379310344828,0.84,0.7777777777777778,0.5333333333333333,0.16
+1d,Punjab,Kapurthala,40.0,21.0,27.0,20.0,12.0,7.0,1.0,0.7407407407407407,0.9523809523809523,0.8333333333333334,0.3684210526315789,0.047619047619047616
+1d,Punjab,Ludhiana,40.0,24.0,27.0,22.0,11.0,5.0,2.0,0.8148148148148148,0.9166666666666666,0.8627450980392157,0.3125,0.08333333333333333
+1d,Punjab,Malerkotla,40.0,15.0,17.0,14.0,22.0,3.0,1.0,0.8235294117647058,0.9333333333333333,0.875,0.12,0.06666666666666667
+1d,Punjab,Mansa,40.0,25.0,32.0,24.0,7.0,8.0,1.0,0.75,0.96,0.8421052631578947,0.5333333333333333,0.04
+1d,Punjab,Moga,40.0,24.0,31.0,23.0,8.0,8.0,1.0,0.7419354838709677,0.9583333333333334,0.8363636363636363,0.5,0.041666666666666664
+1d,Punjab,Pathankot,40.0,0.0,0.0,0.0,40.0,0.0,0.0,0.0,0.0,0.0,0.0,
+1d,Punjab,Patiala,40.0,27.0,33.0,26.0,6.0,7.0,1.0,0.7878787878787878,0.9629629629629629,0.8666666666666667,0.5384615384615384,0.037037037037037035
+1d,Punjab,Rupnagar,40.0,0.0,0.0,0.0,40.0,0.0,0.0,0.0,0.0,0.0,0.0,
+1d,Punjab,S A S Nagar,40.0,8.0,15.0,7.0,24.0,8.0,1.0,0.4666666666666667,0.875,0.6086956521739131,0.25,0.125
+1d,Punjab,Sangrur,40.0,28.0,34.0,27.0,5.0,7.0,1.0,0.7941176470588235,0.9642857142857143,0.8709677419354839,0.5833333333333334,0.03571428571428571
+1d,Punjab,Shahid Bhagat Singh Nagar,40.0,13.0,14.0,7.0,20.0,7.0,6.0,0.5,0.5384615384615384,0.5185185185185185,0.25925925925925924,0.46153846153846156
+1d,Punjab,Sri Muktsar Sahib,40.0,29.0,34.0,28.0,5.0,6.0,1.0,0.8235294117647058,0.9655172413793104,0.8888888888888888,0.5454545454545454,0.034482758620689655
+1d,Punjab,Tarn Taran,40.0,36.0,40.0,36.0,0.0,4.0,0.0,0.9,1.0,0.9473684210526315,1.0,0.0
+2d,Haryana,Ambala,40.0,4.0,9.0,2.0,29.0,7.0,2.0,0.2222222222222222,0.5,0.3076923076923077,0.19444444444444445,0.5
+2d,Haryana,Bhiwani,40.0,6.0,2.0,1.0,33.0,1.0,5.0,0.5,0.16666666666666666,0.25,0.029411764705882353,0.8333333333333334
+2d,Haryana,Charkhi Dadri,40.0,0.0,0.0,0.0,40.0,0.0,0.0,0.0,0.0,0.0,0.0,
+2d,Haryana,Faridabad,40.0,16.0,2.0,1.0,23.0,1.0,15.0,0.5,0.0625,0.1111111111111111,0.041666666666666664,0.9375
+2d,Haryana,Fatehabad,40.0,22.0,27.0,19.0,10.0,8.0,3.0,0.7037037037037037,0.8636363636363636,0.7755102040816326,0.4444444444444444,0.13636363636363635
+2d,Haryana,Gurugram,40.0,0.0,0.0,0.0,40.0,0.0,0.0,0.0,0.0,0.0,0.0,
+2d,Haryana,Hisar,40.0,29.0,35.0,26.0,2.0,9.0,3.0,0.7428571428571429,0.896551724137931,0.8125,0.8181818181818182,0.10344827586206896
+2d,Haryana,Jhajjar,40.0,14.0,6.0,4.0,24.0,2.0,10.0,0.6666666666666666,0.2857142857142857,0.4,0.07692307692307693,0.7142857142857143
+2d,Haryana,Jind,40.0,27.0,33.0,23.0,3.0,10.0,4.0,0.696969696969697,0.8518518518518519,0.7666666666666667,0.7692307692307693,0.14814814814814814
+2d,Haryana,Kaithal,40.0,18.0,25.0,14.0,11.0,11.0,4.0,0.56,0.7777777777777778,0.6511627906976745,0.5,0.2222222222222222
+2d,Haryana,Karnal,40.0,7.0,13.0,1.0,21.0,12.0,6.0,0.07692307692307693,0.14285714285714285,0.1,0.36363636363636365,0.8571428571428571
+2d,Haryana,Kurukshetra,40.0,9.0,12.0,3.0,22.0,9.0,6.0,0.25,0.3333333333333333,0.2857142857142857,0.2903225806451613,0.6666666666666666
+2d,Haryana,Mahendragarh,40.0,0.0,0.0,0.0,40.0,0.0,0.0,0.0,0.0,0.0,0.0,
+2d,Haryana,Nuh,40.0,0.0,0.0,0.0,40.0,0.0,0.0,0.0,0.0,0.0,0.0,
+2d,Haryana,Palwal,40.0,6.0,9.0,0.0,25.0,9.0,6.0,0.0,0.0,0.0,0.2647058823529412,1.0
+2d,Haryana,Panchkula,40.0,0.0,0.0,0.0,40.0,0.0,0.0,0.0,0.0,0.0,0.0,
+2d,Haryana,Panipat,40.0,6.0,3.0,0.0,31.0,3.0,6.0,0.0,0.0,0.0,0.08823529411764706,1.0
+2d,Haryana,Rewari,40.0,0.0,0.0,0.0,40.0,0.0,0.0,0.0,0.0,0.0,0.0,
+2d,Haryana,Rohtak,40.0,19.0,20.0,17.0,18.0,3.0,2.0,0.85,0.8947368421052632,0.8717948717948718,0.14285714285714285,0.10526315789473684
+2d,Haryana,Sirsa,40.0,27.0,32.0,25.0,6.0,7.0,2.0,0.78125,0.9259259259259259,0.847457627118644,0.5384615384615384,0.07407407407407407
+2d,Haryana,Sonipat,40.0,16.0,18.0,11.0,17.0,7.0,5.0,0.6111111111111112,0.6875,0.6470588235294118,0.2916666666666667,0.3125
+2d,Haryana,Yamunanagar,40.0,2.0,5.0,0.0,33.0,5.0,2.0,0.0,0.0,0.0,0.13157894736842105,1.0
+2d,Punjab,Amritsar,40.0,28.0,33.0,27.0,6.0,6.0,1.0,0.8181818181818182,0.9642857142857143,0.8852459016393442,0.5,0.03571428571428571
+2d,Punjab,Barnala,40.0,11.0,18.0,8.0,19.0,10.0,3.0,0.4444444444444444,0.7272727272727273,0.5517241379310345,0.3448275862068966,0.2727272727272727
+2d,Punjab,Bathinda,40.0,34.0,35.0,32.0,3.0,3.0,2.0,0.9142857142857143,0.9411764705882353,0.927536231884058,0.5,0.058823529411764705
+2d,Punjab,Faridkot,40.0,21.0,28.0,19.0,10.0,9.0,2.0,0.6785714285714286,0.9047619047619048,0.7755102040816326,0.47368421052631576,0.09523809523809523
+2d,Punjab,Fatehgarh Sahib,40.0,20.0,24.0,13.0,9.0,11.0,7.0,0.5416666666666666,0.65,0.5909090909090909,0.55,0.35
+2d,Punjab,Fazilka,40.0,32.0,37.0,30.0,1.0,7.0,2.0,0.8108108108108109,0.9375,0.8695652173913043,0.875,0.0625
+2d,Punjab,Ferozepur,40.0,33.0,39.0,33.0,1.0,6.0,0.0,0.8461538461538461,1.0,0.9166666666666666,0.8571428571428571,0.0
+2d,Punjab,Gurdaspur,40.0,23.0,28.0,23.0,12.0,5.0,0.0,0.8214285714285714,1.0,0.9019607843137255,0.29411764705882354,0.0
+2d,Punjab,Hoshiarpur,40.0,6.0,13.0,3.0,24.0,10.0,3.0,0.23076923076923078,0.5,0.3157894736842105,0.29411764705882354,0.5
+2d,Punjab,Jalandhar,40.0,25.0,32.0,23.0,6.0,9.0,2.0,0.71875,0.92,0.8070175438596491,0.6,0.08
+2d,Punjab,Kapurthala,40.0,21.0,28.0,18.0,9.0,10.0,3.0,0.6428571428571429,0.8571428571428571,0.7346938775510204,0.5263157894736842,0.14285714285714285
+2d,Punjab,Ludhiana,40.0,25.0,31.0,23.0,7.0,8.0,2.0,0.7419354838709677,0.92,0.8214285714285714,0.5333333333333333,0.08
+2d,Punjab,Malerkotla,40.0,15.0,17.0,13.0,21.0,4.0,2.0,0.7647058823529411,0.8666666666666667,0.8125,0.16,0.13333333333333333
+2d,Punjab,Mansa,40.0,25.0,32.0,23.0,6.0,9.0,2.0,0.71875,0.92,0.8070175438596491,0.6,0.08
+2d,Punjab,Moga,40.0,24.0,31.0,23.0,8.0,8.0,1.0,0.7419354838709677,0.9583333333333334,0.8363636363636363,0.5,0.041666666666666664
+2d,Punjab,Pathankot,40.0,0.0,0.0,0.0,40.0,0.0,0.0,0.0,0.0,0.0,0.0,
+2d,Punjab,Patiala,40.0,26.0,33.0,25.0,6.0,8.0,1.0,0.7575757575757576,0.9615384615384616,0.847457627118644,0.5714285714285714,0.038461538461538464
+2d,Punjab,Rupnagar,40.0,0.0,0.0,0.0,40.0,0.0,0.0,0.0,0.0,0.0,0.0,
+2d,Punjab,S A S Nagar,40.0,8.0,17.0,8.0,23.0,9.0,0.0,0.47058823529411764,1.0,0.64,0.28125,0.0
+2d,Punjab,Sangrur,40.0,28.0,33.0,27.0,6.0,6.0,1.0,0.8181818181818182,0.9642857142857143,0.8852459016393442,0.5,0.03571428571428571
+2d,Punjab,Shahid Bhagat Singh Nagar,40.0,13.0,16.0,5.0,16.0,11.0,8.0,0.3125,0.38461538461538464,0.3448275862068966,0.4074074074074074,0.6153846153846154
+2d,Punjab,Sri Muktsar Sahib,40.0,29.0,35.0,28.0,4.0,7.0,1.0,0.8,0.9655172413793104,0.875,0.6363636363636364,0.034482758620689655
+2d,Punjab,Tarn Taran,40.0,35.0,39.0,35.0,1.0,4.0,0.0,0.8974358974358975,1.0,0.9459459459459459,0.8,0.0
+3d,Haryana,Ambala,40.0,4.0,12.0,0.0,24.0,12.0,4.0,0.0,0.0,0.0,0.3333333333333333,1.0
+3d,Haryana,Bhiwani,40.0,6.0,7.0,1.0,28.0,6.0,5.0,0.14285714285714285,0.16666666666666666,0.15384615384615385,0.17647058823529413,0.8333333333333334
+3d,Haryana,Charkhi Dadri,40.0,0.0,0.0,0.0,40.0,0.0,0.0,0.0,0.0,0.0,0.0,
+3d,Haryana,Faridabad,40.0,16.0,8.0,7.0,23.0,1.0,9.0,0.875,0.4375,0.5833333333333334,0.041666666666666664,0.5625
+3d,Haryana,Fatehabad,40.0,22.0,30.0,19.0,7.0,11.0,3.0,0.6333333333333333,0.8636363636363636,0.7307692307692307,0.6111111111111112,0.13636363636363635
+3d,Haryana,Gurugram,40.0,0.0,0.0,0.0,40.0,0.0,0.0,0.0,0.0,0.0,0.0,
+3d,Haryana,Hisar,40.0,29.0,37.0,28.0,2.0,9.0,1.0,0.7567567567567568,0.9655172413793104,0.8484848484848485,0.8181818181818182,0.034482758620689655
+3d,Haryana,Jhajjar,40.0,15.0,15.0,7.0,17.0,8.0,8.0,0.4666666666666667,0.4666666666666667,0.4666666666666667,0.32,0.5333333333333333
+3d,Haryana,Jind,40.0,28.0,38.0,27.0,1.0,11.0,1.0,0.7105263157894737,0.9642857142857143,0.8181818181818182,0.9166666666666666,0.03571428571428571
+3d,Haryana,Kaithal,40.0,18.0,30.0,15.0,7.0,15.0,3.0,0.5,0.8333333333333334,0.625,0.6818181818181818,0.16666666666666666
+3d,Haryana,Karnal,40.0,7.0,17.0,0.0,16.0,17.0,7.0,0.0,0.0,0.0,0.5151515151515151,1.0
+3d,Haryana,Kurukshetra,40.0,9.0,15.0,4.0,20.0,11.0,5.0,0.26666666666666666,0.4444444444444444,0.3333333333333333,0.3548387096774194,0.5555555555555556
+3d,Haryana,Mahendragarh,40.0,0.0,0.0,0.0,40.0,0.0,0.0,0.0,0.0,0.0,0.0,
+3d,Haryana,Nuh,40.0,0.0,2.0,0.0,38.0,2.0,0.0,0.0,0.0,0.0,0.05,
+3d,Haryana,Palwal,40.0,6.0,15.0,1.0,20.0,14.0,5.0,0.06666666666666667,0.16666666666666666,0.09523809523809523,0.4117647058823529,0.8333333333333334
+3d,Haryana,Panchkula,40.0,0.0,1.0,0.0,39.0,1.0,0.0,0.0,0.0,0.0,0.025,
+3d,Haryana,Panipat,40.0,6.0,11.0,1.0,24.0,10.0,5.0,0.09090909090909091,0.16666666666666666,0.11764705882352941,0.29411764705882354,0.8333333333333334
+3d,Haryana,Rewari,40.0,0.0,0.0,0.0,40.0,0.0,0.0,0.0,0.0,0.0,0.0,
+3d,Haryana,Rohtak,40.0,20.0,19.0,16.0,17.0,3.0,4.0,0.8421052631578947,0.8,0.8205128205128205,0.15,0.2
+3d,Haryana,Sirsa,40.0,26.0,33.0,25.0,6.0,8.0,1.0,0.7575757575757576,0.9615384615384616,0.847457627118644,0.5714285714285714,0.038461538461538464
+3d,Haryana,Sonipat,40.0,17.0,19.0,13.0,17.0,6.0,4.0,0.6842105263157895,0.7647058823529411,0.7222222222222222,0.2608695652173913,0.23529411764705882
+3d,Haryana,Yamunanagar,40.0,2.0,8.0,0.0,30.0,8.0,2.0,0.0,0.0,0.0,0.21052631578947367,1.0
+3d,Punjab,Amritsar,40.0,27.0,36.0,26.0,3.0,10.0,1.0,0.7222222222222222,0.9629629629629629,0.8253968253968254,0.7692307692307693,0.037037037037037035
+3d,Punjab,Barnala,40.0,11.0,23.0,10.0,16.0,13.0,1.0,0.43478260869565216,0.9090909090909091,0.5882352941176471,0.4482758620689655,0.09090909090909091
+3d,Punjab,Bathinda,40.0,33.0,36.0,33.0,4.0,3.0,0.0,0.9166666666666666,1.0,0.9565217391304348,0.42857142857142855,0.0
+3d,Punjab,Faridkot,40.0,21.0,34.0,21.0,6.0,13.0,0.0,0.6176470588235294,1.0,0.7636363636363637,0.6842105263157895,0.0
+3d,Punjab,Fatehgarh Sahib,40.0,20.0,33.0,18.0,5.0,15.0,2.0,0.5454545454545454,0.9,0.6792452830188679,0.75,0.1
+3d,Punjab,Fazilka,40.0,31.0,36.0,29.0,2.0,7.0,2.0,0.8055555555555556,0.9354838709677419,0.8656716417910447,0.7777777777777778,0.06451612903225806
+3d,Punjab,Ferozepur,40.0,32.0,38.0,32.0,2.0,6.0,0.0,0.8421052631578947,1.0,0.9142857142857143,0.75,0.0
+3d,Punjab,Gurdaspur,40.0,23.0,30.0,22.0,9.0,8.0,1.0,0.7333333333333333,0.9565217391304348,0.8301886792452831,0.47058823529411764,0.043478260869565216
+3d,Punjab,Hoshiarpur,40.0,6.0,16.0,3.0,21.0,13.0,3.0,0.1875,0.5,0.2727272727272727,0.38235294117647056,0.5
+3d,Punjab,Jalandhar,40.0,24.0,34.0,23.0,5.0,11.0,1.0,0.6764705882352942,0.9583333333333334,0.7931034482758621,0.6875,0.041666666666666664
+3d,Punjab,Kapurthala,40.0,21.0,32.0,19.0,6.0,13.0,2.0,0.59375,0.9047619047619048,0.7169811320754716,0.6842105263157895,0.09523809523809523
+3d,Punjab,Ludhiana,40.0,25.0,33.0,23.0,5.0,10.0,2.0,0.696969696969697,0.92,0.7931034482758621,0.6666666666666666,0.08
+3d,Punjab,Malerkotla,40.0,15.0,20.0,14.0,19.0,6.0,1.0,0.7,0.9333333333333333,0.8,0.24,0.06666666666666667
+3d,Punjab,Mansa,40.0,25.0,32.0,23.0,6.0,9.0,2.0,0.71875,0.92,0.8070175438596491,0.6,0.08
+3d,Punjab,Moga,40.0,24.0,32.0,23.0,7.0,9.0,1.0,0.71875,0.9583333333333334,0.8214285714285714,0.5625,0.041666666666666664
+3d,Punjab,Pathankot,40.0,0.0,0.0,0.0,40.0,0.0,0.0,0.0,0.0,0.0,0.0,
+3d,Punjab,Patiala,40.0,25.0,36.0,25.0,4.0,11.0,0.0,0.6944444444444444,1.0,0.819672131147541,0.7333333333333333,0.0
+3d,Punjab,Rupnagar,40.0,0.0,2.0,0.0,38.0,2.0,0.0,0.0,0.0,0.0,0.05,
+3d,Punjab,S A S Nagar,40.0,8.0,19.0,7.0,20.0,12.0,1.0,0.3684210526315789,0.875,0.5185185185185185,0.375,0.125
+3d,Punjab,Sangrur,40.0,27.0,36.0,27.0,4.0,9.0,0.0,0.75,1.0,0.8571428571428571,0.6923076923076923,0.0
+3d,Punjab,Shahid Bhagat Singh Nagar,40.0,13.0,25.0,8.0,10.0,17.0,5.0,0.32,0.6153846153846154,0.42105263157894735,0.6296296296296297,0.38461538461538464
+3d,Punjab,Sri Muktsar Sahib,40.0,30.0,36.0,30.0,4.0,6.0,0.0,0.8333333333333334,1.0,0.9090909090909091,0.6,0.0
+3d,Punjab,Tarn Taran,40.0,34.0,39.0,34.0,1.0,5.0,0.0,0.8717948717948718,1.0,0.9315068493150684,0.8333333333333334,0.0
+5d,Haryana,Ambala,40.0,5.0,11.0,2.0,26.0,9.0,3.0,0.18181818181818182,0.4,0.25,0.2571428571428571,0.6
+5d,Haryana,Bhiwani,40.0,6.0,7.0,1.0,28.0,6.0,5.0,0.14285714285714285,0.16666666666666666,0.15384615384615385,0.17647058823529413,0.8333333333333334
+5d,Haryana,Charkhi Dadri,40.0,0.0,0.0,0.0,40.0,0.0,0.0,0.0,0.0,0.0,0.0,
+5d,Haryana,Faridabad,40.0,18.0,1.0,1.0,22.0,0.0,17.0,1.0,0.05555555555555555,0.10526315789473684,0.0,0.9444444444444444
+5d,Haryana,Fatehabad,40.0,22.0,30.0,20.0,8.0,10.0,2.0,0.6666666666666666,0.9090909090909091,0.7692307692307693,0.5555555555555556,0.09090909090909091
+5d,Haryana,Gurugram,40.0,0.0,0.0,0.0,40.0,0.0,0.0,0.0,0.0,0.0,0.0,
+5d,Haryana,Hisar,40.0,29.0,35.0,27.0,3.0,8.0,2.0,0.7714285714285715,0.9310344827586207,0.84375,0.7272727272727273,0.06896551724137931
+5d,Haryana,Jhajjar,40.0,16.0,8.0,4.0,20.0,4.0,12.0,0.5,0.25,0.3333333333333333,0.16666666666666666,0.75
+5d,Haryana,Jind,40.0,27.0,35.0,26.0,4.0,9.0,1.0,0.7428571428571429,0.9629629629629629,0.8387096774193549,0.6923076923076923,0.037037037037037035
+5d,Haryana,Kaithal,40.0,18.0,28.0,16.0,10.0,12.0,2.0,0.5714285714285714,0.8888888888888888,0.6956521739130435,0.5454545454545454,0.1111111111111111
+5d,Haryana,Karnal,40.0,7.0,12.0,0.0,21.0,12.0,7.0,0.0,0.0,0.0,0.36363636363636365,1.0
+5d,Haryana,Kurukshetra,40.0,8.0,17.0,5.0,20.0,12.0,3.0,0.29411764705882354,0.625,0.4,0.375,0.375
+5d,Haryana,Mahendragarh,40.0,0.0,0.0,0.0,40.0,0.0,0.0,0.0,0.0,0.0,0.0,
+5d,Haryana,Nuh,40.0,0.0,2.0,0.0,38.0,2.0,0.0,0.0,0.0,0.0,0.05,
+5d,Haryana,Palwal,40.0,6.0,15.0,3.0,22.0,12.0,3.0,0.2,0.5,0.2857142857142857,0.35294117647058826,0.5
+5d,Haryana,Panchkula,40.0,0.0,1.0,0.0,39.0,1.0,0.0,0.0,0.0,0.0,0.025,
+5d,Haryana,Panipat,40.0,5.0,8.0,0.0,27.0,8.0,5.0,0.0,0.0,0.0,0.22857142857142856,1.0
+5d,Haryana,Rewari,40.0,0.0,1.0,0.0,39.0,1.0,0.0,0.0,0.0,0.0,0.025,
+5d,Haryana,Rohtak,40.0,21.0,15.0,12.0,16.0,3.0,9.0,0.8,0.5714285714285714,0.6666666666666666,0.15789473684210525,0.42857142857142855
+5d,Haryana,Sirsa,40.0,27.0,30.0,22.0,5.0,8.0,5.0,0.7333333333333333,0.8148148148148148,0.7719298245614035,0.6153846153846154,0.18518518518518517
+5d,Haryana,Sonipat,40.0,18.0,14.0,10.0,18.0,4.0,8.0,0.7142857142857143,0.5555555555555556,0.625,0.18181818181818182,0.4444444444444444
+5d,Haryana,Yamunanagar,40.0,2.0,8.0,0.0,30.0,8.0,2.0,0.0,0.0,0.0,0.21052631578947367,1.0
+5d,Punjab,Amritsar,40.0,25.0,32.0,24.0,7.0,8.0,1.0,0.75,0.96,0.8421052631578947,0.5333333333333333,0.04
+5d,Punjab,Barnala,40.0,11.0,22.0,8.0,15.0,14.0,3.0,0.36363636363636365,0.7272727272727273,0.48484848484848486,0.4827586206896552,0.2727272727272727
+5d,Punjab,Bathinda,40.0,33.0,34.0,32.0,5.0,2.0,1.0,0.9411764705882353,0.9696969696969697,0.9552238805970149,0.2857142857142857,0.030303030303030304
+5d,Punjab,Faridkot,40.0,21.0,33.0,21.0,7.0,12.0,0.0,0.6363636363636364,1.0,0.7777777777777778,0.631578947368421,0.0
+5d,Punjab,Fatehgarh Sahib,40.0,19.0,20.0,13.0,14.0,7.0,6.0,0.65,0.6842105263157895,0.6666666666666666,0.3333333333333333,0.3157894736842105
+5d,Punjab,Fazilka,40.0,31.0,36.0,29.0,2.0,7.0,2.0,0.8055555555555556,0.9354838709677419,0.8656716417910447,0.7777777777777778,0.06451612903225806
+5d,Punjab,Ferozepur,40.0,30.0,35.0,30.0,5.0,5.0,0.0,0.8571428571428571,1.0,0.9230769230769231,0.5,0.0
+5d,Punjab,Gurdaspur,40.0,21.0,27.0,21.0,13.0,6.0,0.0,0.7777777777777778,1.0,0.875,0.3157894736842105,0.0
+5d,Punjab,Hoshiarpur,40.0,6.0,18.0,5.0,21.0,13.0,1.0,0.2777777777777778,0.8333333333333334,0.4166666666666667,0.38235294117647056,0.16666666666666666
+5d,Punjab,Jalandhar,40.0,24.0,30.0,22.0,8.0,8.0,2.0,0.7333333333333333,0.9166666666666666,0.8148148148148148,0.5,0.08333333333333333
+5d,Punjab,Kapurthala,40.0,22.0,29.0,21.0,10.0,8.0,1.0,0.7241379310344828,0.9545454545454546,0.8235294117647058,0.4444444444444444,0.045454545454545456
+5d,Punjab,Ludhiana,40.0,26.0,33.0,23.0,4.0,10.0,3.0,0.696969696969697,0.8846153846153846,0.7796610169491526,0.7142857142857143,0.11538461538461539
+5d,Punjab,Malerkotla,40.0,15.0,17.0,12.0,20.0,5.0,3.0,0.7058823529411765,0.8,0.75,0.2,0.2
+5d,Punjab,Mansa,40.0,25.0,31.0,23.0,7.0,8.0,2.0,0.7419354838709677,0.92,0.8214285714285714,0.5333333333333333,0.08
+5d,Punjab,Moga,40.0,24.0,33.0,23.0,6.0,10.0,1.0,0.696969696969697,0.9583333333333334,0.8070175438596491,0.625,0.041666666666666664
+5d,Punjab,Pathankot,40.0,0.0,1.0,0.0,39.0,1.0,0.0,0.0,0.0,0.0,0.025,
+5d,Punjab,Patiala,40.0,24.0,34.0,24.0,6.0,10.0,0.0,0.7058823529411765,1.0,0.8275862068965517,0.625,0.0
+5d,Punjab,Rupnagar,40.0,0.0,5.0,0.0,35.0,5.0,0.0,0.0,0.0,0.0,0.125,
+5d,Punjab,S A S Nagar,40.0,8.0,19.0,6.0,19.0,13.0,2.0,0.3157894736842105,0.75,0.4444444444444444,0.40625,0.25
+5d,Punjab,Sangrur,40.0,27.0,35.0,27.0,5.0,8.0,0.0,0.7714285714285715,1.0,0.8709677419354839,0.6153846153846154,0.0
+5d,Punjab,Shahid Bhagat Singh Nagar,40.0,13.0,26.0,11.0,12.0,15.0,2.0,0.4230769230769231,0.8461538461538461,0.5641025641025641,0.5555555555555556,0.15384615384615385
+5d,Punjab,Sri Muktsar Sahib,40.0,31.0,36.0,29.0,2.0,7.0,2.0,0.8055555555555556,0.9354838709677419,0.8656716417910447,0.7777777777777778,0.06451612903225806
+5d,Punjab,Tarn Taran,40.0,32.0,35.0,32.0,5.0,3.0,0.0,0.9142857142857143,1.0,0.9552238805970149,0.375,0.0
+7d,Haryana,Ambala,40.0,4.0,13.0,1.0,24.0,12.0,3.0,0.07692307692307693,0.25,0.11764705882352941,0.3333333333333333,0.75
+7d,Haryana,Bhiwani,40.0,6.0,7.0,0.0,27.0,7.0,6.0,0.0,0.0,0.0,0.20588235294117646,1.0
+7d,Haryana,Charkhi Dadri,40.0,0.0,0.0,0.0,40.0,0.0,0.0,0.0,0.0,0.0,0.0,
+7d,Haryana,Faridabad,40.0,18.0,2.0,1.0,21.0,1.0,17.0,0.5,0.05555555555555555,0.1,0.045454545454545456,0.9444444444444444
+7d,Haryana,Fatehabad,40.0,21.0,26.0,18.0,11.0,8.0,3.0,0.6923076923076923,0.8571428571428571,0.7659574468085106,0.42105263157894735,0.14285714285714285
+7d,Haryana,Gurugram,40.0,0.0,0.0,0.0,40.0,0.0,0.0,0.0,0.0,0.0,0.0,
+7d,Haryana,Hisar,40.0,28.0,34.0,25.0,3.0,9.0,3.0,0.7352941176470589,0.8928571428571429,0.8064516129032258,0.75,0.10714285714285714
+7d,Haryana,Jhajjar,40.0,17.0,9.0,6.0,20.0,3.0,11.0,0.6666666666666666,0.35294117647058826,0.46153846153846156,0.13043478260869565,0.6470588235294118
+7d,Haryana,Jind,40.0,25.0,34.0,24.0,5.0,10.0,1.0,0.7058823529411765,0.96,0.8135593220338984,0.6666666666666666,0.04
+7d,Haryana,Kaithal,40.0,18.0,24.0,14.0,12.0,10.0,4.0,0.5833333333333334,0.7777777777777778,0.6666666666666666,0.45454545454545453,0.2222222222222222
+7d,Haryana,Karnal,40.0,5.0,17.0,0.0,18.0,17.0,5.0,0.0,0.0,0.0,0.4857142857142857,1.0
+7d,Haryana,Kurukshetra,40.0,6.0,14.0,3.0,23.0,11.0,3.0,0.21428571428571427,0.5,0.3,0.3235294117647059,0.5
+7d,Haryana,Mahendragarh,40.0,0.0,0.0,0.0,40.0,0.0,0.0,0.0,0.0,0.0,0.0,
+7d,Haryana,Nuh,40.0,0.0,1.0,0.0,39.0,1.0,0.0,0.0,0.0,0.0,0.025,
+7d,Haryana,Palwal,40.0,5.0,13.0,2.0,24.0,11.0,3.0,0.15384615384615385,0.4,0.2222222222222222,0.3142857142857143,0.6
+7d,Haryana,Panchkula,40.0,0.0,1.0,0.0,39.0,1.0,0.0,0.0,0.0,0.0,0.025,
+7d,Haryana,Panipat,40.0,6.0,7.0,0.0,27.0,7.0,6.0,0.0,0.0,0.0,0.20588235294117646,1.0
+7d,Haryana,Rewari,40.0,0.0,0.0,0.0,40.0,0.0,0.0,0.0,0.0,0.0,0.0,
+7d,Haryana,Rohtak,40.0,21.0,13.0,10.0,16.0,3.0,11.0,0.7692307692307693,0.47619047619047616,0.5882352941176471,0.15789473684210525,0.5238095238095238
+7d,Haryana,Sirsa,40.0,27.0,30.0,26.0,9.0,4.0,1.0,0.8666666666666667,0.9629629629629629,0.9122807017543859,0.3076923076923077,0.037037037037037035
+7d,Haryana,Sonipat,40.0,19.0,12.0,8.0,17.0,4.0,11.0,0.6666666666666666,0.42105263157894735,0.5161290322580645,0.19047619047619047,0.5789473684210527
+7d,Haryana,Yamunanagar,40.0,2.0,9.0,0.0,29.0,9.0,2.0,0.0,0.0,0.0,0.23684210526315788,1.0
+7d,Punjab,Amritsar,40.0,23.0,32.0,23.0,8.0,9.0,0.0,0.71875,1.0,0.8363636363636363,0.5294117647058824,0.0
+7d,Punjab,Barnala,40.0,11.0,25.0,8.0,12.0,17.0,3.0,0.32,0.7272727272727273,0.4444444444444444,0.5862068965517241,0.2727272727272727
+7d,Punjab,Bathinda,40.0,32.0,34.0,32.0,6.0,2.0,0.0,0.9411764705882353,1.0,0.9696969696969697,0.25,0.0
+7d,Punjab,Faridkot,40.0,21.0,31.0,20.0,8.0,11.0,1.0,0.6451612903225806,0.9523809523809523,0.7692307692307693,0.5789473684210527,0.047619047619047616
+7d,Punjab,Fatehgarh Sahib,40.0,18.0,28.0,18.0,12.0,10.0,0.0,0.6428571428571429,1.0,0.782608695652174,0.45454545454545453,0.0
+7d,Punjab,Fazilka,40.0,30.0,34.0,27.0,3.0,7.0,3.0,0.7941176470588235,0.9,0.84375,0.7,0.1
+7d,Punjab,Ferozepur,40.0,28.0,34.0,28.0,6.0,6.0,0.0,0.8235294117647058,1.0,0.9032258064516129,0.5,0.0
+7d,Punjab,Gurdaspur,40.0,19.0,27.0,19.0,13.0,8.0,0.0,0.7037037037037037,1.0,0.8260869565217391,0.38095238095238093,0.0
+7d,Punjab,Hoshiarpur,40.0,6.0,22.0,6.0,18.0,16.0,0.0,0.2727272727272727,1.0,0.42857142857142855,0.47058823529411764,0.0
+7d,Punjab,Jalandhar,40.0,23.0,32.0,22.0,7.0,10.0,1.0,0.6875,0.9565217391304348,0.8,0.5882352941176471,0.043478260869565216
+7d,Punjab,Kapurthala,40.0,21.0,31.0,20.0,8.0,11.0,1.0,0.6451612903225806,0.9523809523809523,0.7692307692307693,0.5789473684210527,0.047619047619047616
+7d,Punjab,Ludhiana,40.0,26.0,33.0,24.0,5.0,9.0,2.0,0.7272727272727273,0.9230769230769231,0.8135593220338984,0.6428571428571429,0.07692307692307693
+7d,Punjab,Malerkotla,40.0,16.0,23.0,12.0,13.0,11.0,4.0,0.5217391304347826,0.75,0.6153846153846154,0.4583333333333333,0.25
+7d,Punjab,Mansa,40.0,23.0,32.0,22.0,7.0,10.0,1.0,0.6875,0.9565217391304348,0.8,0.5882352941176471,0.043478260869565216
+7d,Punjab,Moga,40.0,24.0,33.0,24.0,7.0,9.0,0.0,0.7272727272727273,1.0,0.8421052631578947,0.5625,0.0
+7d,Punjab,Pathankot,40.0,0.0,6.0,0.0,34.0,6.0,0.0,0.0,0.0,0.0,0.15,
+7d,Punjab,Patiala,40.0,22.0,33.0,22.0,7.0,11.0,0.0,0.6666666666666666,1.0,0.8,0.6111111111111112,0.0
+7d,Punjab,Rupnagar,40.0,0.0,14.0,0.0,26.0,14.0,0.0,0.0,0.0,0.0,0.35,
+7d,Punjab,S A S Nagar,40.0,6.0,21.0,6.0,19.0,15.0,0.0,0.2857142857142857,1.0,0.4444444444444444,0.4411764705882353,0.0
+7d,Punjab,Sangrur,40.0,25.0,34.0,25.0,6.0,9.0,0.0,0.7352941176470589,1.0,0.847457627118644,0.6,0.0
+7d,Punjab,Shahid Bhagat Singh Nagar,40.0,12.0,28.0,11.0,11.0,17.0,1.0,0.39285714285714285,0.9166666666666666,0.55,0.6071428571428571,0.08333333333333333
+7d,Punjab,Sri Muktsar Sahib,40.0,30.0,34.0,28.0,4.0,6.0,2.0,0.8235294117647058,0.9333333333333333,0.875,0.6,0.06666666666666667
+7d,Punjab,Tarn Taran,40.0,30.0,34.0,30.0,6.0,4.0,0.0,0.8823529411764706,1.0,0.9375,0.4,0.0
