horizon,state,emerging_events,rf_caught,rf_missed,rf_recall,persistence_caught,persistence_missed,persistence_recall
+1d,Haryana,79,18,61,0.22784810126582278,0,79,0.0
+1d,Punjab,82,47,35,0.573170731707317,0,82,0.0
+2d,Haryana,92,33,59,0.358695652173913,0,92,0.0
+2d,Punjab,99,59,40,0.5959595959595959,0,99,0.0
+3d,Haryana,109,54,55,0.4954128440366973,0,109,0.0
+3d,Punjab,99,75,24,0.7575757575757576,0,99,0.0
+5d,Haryana,94,33,61,0.35106382978723405,0,94,0.0
+5d,Punjab,103,78,25,0.7572815533980582,0,103,0.0
+7d,Haryana,104,37,67,0.3557692307692308,0,104,0.0
+7d,Punjab,113,99,14,0.8761061946902655,0,113,0.0
