horizon,state,current_fire_regime,total,actual_elevated,actual_elevated_rate,predicted_elevated,TP,TN,FP,FN,precision,recall,f1,rf_accuracy,persistence_accuracy,rf_only_correct,persistence_only_correct,both_correct,both_wrong
+1d,Haryana,No current activity,466.0,29.0,0.06223175965665236,11.0,2.0,428.0,9.0,27.0,0.18181818181818182,0.06896551724137931,0.1,0.9227467811158798,0.9377682403433476,2.0,9.0,428.0,27.0
+1d,Haryana,Low current activity,185.0,50.0,0.2702702702702703,38.0,16.0,113.0,22.0,34.0,0.42105263157894735,0.32,0.36363636363636365,0.6972972972972973,0.7297297297297297,16.0,22.0,113.0,34.0
+1d,Haryana,Elevated current activity,229.0,147.0,0.6419213973799127,178.0,127.0,31.0,51.0,20.0,0.7134831460674157,0.8639455782312925,0.7815384615384615,0.6899563318777293,0.6419213973799127,31.0,20.0,127.0,51.0
+1d,Punjab,No current activity,258.0,26.0,0.10077519379844961,27.0,8.0,213.0,19.0,18.0,0.2962962962962963,0.3076923076923077,0.3018867924528302,0.8565891472868217,0.8992248062015504,8.0,19.0,213.0,18.0
+1d,Punjab,Low current activity,175.0,56.0,0.32,86.0,39.0,72.0,47.0,17.0,0.45348837209302323,0.6964285714285714,0.5492957746478874,0.6342857142857142,0.68,39.0,47.0,72.0,17.0
+1d,Punjab,Elevated current activity,487.0,402.0,0.8254620123203286,477.0,400.0,8.0,77.0,2.0,0.8385744234800838,0.9950248756218906,0.9101251422070534,0.837782340862423,0.8254620123203286,8.0,2.0,400.0,77.0
+2d,Haryana,No current activity,466.0,40.0,0.08583690987124463,25.0,10.0,411.0,15.0,30.0,0.4,0.25,0.3076923076923077,0.9034334763948498,0.9141630901287554,10.0,15.0,411.0,30.0
+2d,Haryana,Low current activity,185.0,52.0,0.2810810810810811,51.0,23.0,105.0,28.0,29.0,0.45098039215686275,0.4423076923076923,0.44660194174757284,0.6918918918918919,0.7189189189189189,23.0,28.0,105.0,29.0
+2d,Haryana,Elevated current activity,229.0,136.0,0.5938864628820961,175.0,114.0,32.0,61.0,22.0,0.6514285714285715,0.8382352941176471,0.7331189710610932,0.6375545851528385,0.5938864628820961,32.0,22.0,114.0,61.0
+2d,Punjab,No current activity,258.0,37.0,0.1434108527131783,27.0,12.0,206.0,15.0,25.0,0.4444444444444444,0.32432432432432434,0.375,0.8449612403100775,0.8565891472868217,12.0,15.0,206.0,25.0
+2d,Punjab,Low current activity,175.0,62.0,0.35428571428571426,99.0,47.0,61.0,52.0,15.0,0.47474747474747475,0.7580645161290323,0.5838509316770186,0.6171428571428571,0.6457142857142857,47.0,52.0,61.0,15.0
+2d,Punjab,Elevated current activity,487.0,383.0,0.7864476386036962,473.0,380.0,11.0,93.0,3.0,0.8033826638477801,0.9921671018276762,0.8878504672897196,0.8028747433264887,0.7864476386036962,11.0,3.0,380.0,93.0
+3d,Haryana,No current activity,466.0,55.0,0.11802575107296137,48.0,21.0,384.0,27.0,34.0,0.4375,0.38181818181818183,0.4077669902912621,0.869098712446352,0.8819742489270386,21.0,27.0,384.0,34.0
+3d,Haryana,Low current activity,185.0,54.0,0.2918918918918919,81.0,33.0,83.0,48.0,21.0,0.4074074074074074,0.6111111111111112,0.4888888888888889,0.6270270270270271,0.7081081081081081,33.0,48.0,83.0,21.0
+3d,Haryana,Elevated current activity,229.0,122.0,0.5327510917030568,188.0,110.0,29.0,78.0,12.0,0.5851063829787234,0.9016393442622951,0.7096774193548387,0.6069868995633187,0.5327510917030568,29.0,12.0,110.0,78.0
+3d,Punjab,No current activity,258.0,37.0,0.1434108527131783,51.0,19.0,189.0,32.0,18.0,0.37254901960784315,0.5135135135135135,0.4318181818181818,0.8062015503875969,0.8565891472868217,19.0,32.0,189.0,18.0
+3d,Punjab,Low current activity,175.0,62.0,0.35428571428571426,128.0,56.0,41.0,72.0,6.0,0.4375,0.9032258064516129,0.5894736842105263,0.5542857142857143,0.6457142857142857,56.0,72.0,41.0,6.0
+3d,Punjab,Elevated current activity,487.0,376.0,0.7720739219712526,479.0,375.0,7.0,104.0,1.0,0.7828810020876826,0.9973404255319149,0.8771929824561403,0.784394250513347,0.7720739219712526,7.0,1.0,375.0,104.0
+5d,Haryana,No current activity,466.0,43.0,0.09227467811158799,41.0,13.0,395.0,28.0,30.0,0.3170731707317073,0.3023255813953488,0.30952380952380953,0.8755364806866953,0.907725321888412,13.0,28.0,395.0,30.0
+5d,Haryana,Low current activity,185.0,51.0,0.2756756756756757,67.0,20.0,87.0,47.0,31.0,0.29850746268656714,0.39215686274509803,0.3389830508474576,0.5783783783783784,0.7243243243243244,20.0,47.0,87.0,31.0
+5d,Haryana,Elevated current activity,229.0,141.0,0.6157205240174672,170.0,116.0,34.0,54.0,25.0,0.6823529411764706,0.8226950354609929,0.7459807073954984,0.6550218340611353,0.6157205240174672,34.0,25.0,116.0,54.0
+5d,Punjab,No current activity,258.0,45.0,0.1744186046511628,60.0,28.0,181.0,32.0,17.0,0.4666666666666667,0.6222222222222222,0.5333333333333333,0.810077519379845,0.8255813953488372,28.0,32.0,181.0,17.0
+5d,Punjab,Low current activity,175.0,58.0,0.3314285714285714,104.0,50.0,63.0,54.0,8.0,0.4807692307692308,0.8620689655172413,0.6172839506172839,0.6457142857142857,0.6685714285714286,50.0,54.0,63.0,8.0
+5d,Punjab,Elevated current activity,487.0,365.0,0.7494866529774127,457.0,358.0,23.0,99.0,7.0,0.7833698030634574,0.9808219178082191,0.8710462287104623,0.7823408624229979,0.7494866529774127,23.0,7.0,358.0,99.0
+7d,Haryana,No current activity,466.0,49.0,0.10515021459227468,57.0,11.0,371.0,46.0,38.0,0.19298245614035087,0.22448979591836735,0.20754716981132076,0.8197424892703863,0.8948497854077253,11.0,46.0,371.0,38.0
+7d,Haryana,Low current activity,185.0,55.0,0.2972972972972973,58.0,26.0,98.0,32.0,29.0,0.4482758620689655,0.4727272727272727,0.46017699115044247,0.6702702702702703,0.7027027027027027,26.0,32.0,98.0,29.0
+7d,Haryana,Elevated current activity,229.0,124.0,0.5414847161572053,151.0,101.0,55.0,50.0,23.0,0.6688741721854304,0.8145161290322581,0.7345454545454545,0.6812227074235808,0.5414847161572053,55.0,23.0,101.0,50.0
+7d,Punjab,No current activity,258.0,50.0,0.1937984496124031,101.0,41.0,148.0,60.0,9.0,0.40594059405940597,0.82,0.543046357615894,0.7325581395348837,0.8062015503875969,41.0,60.0,148.0,9.0
+7d,Punjab,Low current activity,175.0,63.0,0.36,108.0,58.0,62.0,50.0,5.0,0.5370370370370371,0.9206349206349206,0.6783625730994152,0.6857142857142857,0.64,58.0,50.0,62.0,5.0
+7d,Punjab,Elevated current activity,487.0,333.0,0.6837782340862423,446.0,328.0,36.0,118.0,5.0,0.7354260089686099,0.984984984984985,0.8421052631578947,0.7474332648870636,0.6837782340862423,36.0,5.0,328.0,118.0
