horizon,state,total,both_correct,rf_only_correct,persistence_only_correct,both_wrong,rf_accuracy,persistence_accuracy
+1d,Haryana,880,668,49,51,112,0.8147727272727273,0.8170454545454545
+1d,Punjab,920,685,55,68,112,0.8043478260869565,0.8184782608695652
+2d,Haryana,880,630,65,65,120,0.7897727272727273,0.7897727272727273
+2d,Punjab,920,647,70,70,133,0.7793478260869565,0.7793478260869565
+3d,Haryana,880,577,83,87,133,0.75,0.7545454545454545
+3d,Punjab,920,605,82,105,128,0.7467391304347826,0.7717391304347826
+5d,Haryana,880,598,67,100,115,0.7556818181818182,0.7931818181818182
+5d,Punjab,920,602,101,93,124,0.7641304347826087,0.7554347826086957
+7d,Haryana,880,570,92,101,117,0.7522727272727273,0.7625
+7d,Punjab,920,538,135,115,132,0.7315217391304348,0.7097826086956521
