state,horizon,season_phase,n,actual_elevated_rate,rf_precision,rf_recall,rf_f1,persistence_f1,rf_f1_minus_persistence
Haryana,+1d,Early season,374,0.16042780748663102,0.4264705882352941,0.48333333333333334,0.453125,0.46153846153846156,-0.008413461538461564
Haryana,+1d,Middle season,330,0.3787878787878788,0.8073394495412844,0.704,0.7521367521367521,0.7630522088353414,-0.010915456698589288
Haryana,+1d,Late season,176,0.23295454545454544,0.56,0.6829268292682927,0.6153846153846154,0.5617977528089888,0.053586862575626615
Punjab,+1d,Early season,391,0.5294117647058824,0.7863247863247863,0.8888888888888888,0.8344671201814059,0.7839195979899497,0.050547522191456196
Punjab,+1d,Middle season,345,0.6898550724637681,0.8455882352941176,0.9663865546218487,0.9019607843137255,0.9109730848861284,-0.009012300572402876
Punjab,+1d,Late season,184,0.21195652173913043,0.39285714285714285,0.8461538461538461,0.5365853658536586,0.5777777777777777,-0.041192411924119154
Haryana,+2d,Early season,374,0.17914438502673796,0.3829787234042553,0.5373134328358209,0.4472049689440994,0.2903225806451613,0.15688238829893808
Haryana,+2d,Middle season,330,0.3787878787878788,0.7647058823529411,0.728,0.7459016393442623,0.7791164658634538,-0.0332148265191915
Haryana,+2d,Late season,176,0.20454545454545456,0.5263157894736842,0.5555555555555556,0.5405405405405406,0.5,0.04054054054054057
Punjab,+2d,Early season,391,0.5677749360613811,0.7710843373493976,0.8648648648648649,0.8152866242038217,0.7554479418886199,0.05983868231520184
Punjab,+2d,Middle season,345,0.6579710144927536,0.7906137184115524,0.9647577092511013,0.8690476190476191,0.8771186440677966,-0.008071025020177536
Punjab,+2d,Late season,184,0.1793478260869565,0.3835616438356164,0.8484848484848485,0.5283018867924528,0.47619047619047616,0.05211141060197666
Haryana,+3d,Early season,374,0.20320855614973263,0.3533834586466165,0.618421052631579,0.44976076555023925,0.21052631578947367,0.23923444976076558
Haryana,+3d,Middle season,330,0.3696969696969697,0.6911764705882353,0.7704918032786885,0.7286821705426356,0.7154471544715447,0.0132350160710909
Haryana,+3d,Late season,176,0.1875,0.4791666666666667,0.696969696969697,0.5679012345679012,0.49382716049382713,0.07407407407407407
Punjab,+3d,Early season,391,0.5907928388746803,0.7571428571428571,0.9177489177489178,0.8297455968688845,0.7440758293838863,0.08566976748499822
Punjab,+3d,Middle season,345,0.6260869565217392,0.7312925170068028,0.9953703703703703,0.8431372549019608,0.8633405639913232,-0.02020330908936241
Punjab,+3d,Late season,184,0.15217391304347827,0.27380952380952384,0.8214285714285714,0.4107142857142857,0.5063291139240507,-0.09561482820976497
Haryana,+5d,Early season,374,0.22727272727272727,0.41007194244604317,0.6705882352941176,0.5089285714285714,0.4225352112676056,0.08639336016096577
Haryana,+5d,Middle season,330,0.3515151515151515,0.6982758620689655,0.6982758620689655,0.6982758620689655,0.7416666666666667,-0.04339080459770117
Haryana,+5d,Late season,176,0.19318181818181818,0.4782608695652174,0.3235294117647059,0.38596491228070173,0.5365853658536586,-0.15062045357295684
Punjab,+5d,Early season,391,0.6521739130434783,0.7523510971786834,0.9411764705882353,0.8362369337979094,0.7488789237668162,0.08735801003109323
Punjab,+5d,Middle season,345,0.5594202898550724,0.7061068702290076,0.9585492227979274,0.8131868131868132,0.8401826484018264,-0.026995835215013253
Punjab,+5d,Late season,184,0.10869565217391304,0.275,0.55,0.36666666666666664,0.39436619718309857,-0.027699530516431925
Haryana,+7d,Early season,374,0.24866310160427807,0.4435483870967742,0.5913978494623656,0.5069124423963134,0.4266666666666667,0.0802457757296467
Haryana,+7d,Middle season,330,0.3242424242424242,0.6044776119402985,0.7570093457943925,0.6721991701244814,0.6753246753246753,-0.0031255052001939454
Haryana,+7d,Late season,176,0.1590909090909091,0.25,0.07142857142857142,0.1111111111111111,0.3684210526315789,-0.2573099415204678
Punjab,+7d,Early season,391,0.6828644501278772,0.7194444444444444,0.9700374531835206,0.8261562998405104,0.7205240174672489,0.1056322823732615
Punjab,+7d,Middle season,345,0.4811594202898551,0.6066176470588235,0.9939759036144579,0.7534246575342466,0.7834549878345499,-0.03003033030030333
Punjab,+7d,Late season,184,0.07065217391304347,0.13043478260869565,0.23076923076923078,0.16666666666666666,0.21875,-0.05208333333333334
