method,split,horizon,threshold,accuracy,precision,recall,f1,roc_auc,pr_auc,tp,fp,fn,tn,mae
Persistence,validation,+1d,0.5,0.7733,0.7711,0.7658,0.7684,0.7732,0.7055,677,201,207,715,
Persistence,test,+1d,0.5,0.8178,0.7668,0.7732,0.77,0.81,0.6823,549,167,161,923,3.3083
Global climatology,validation,+1d,0.01,0.4911,0.4911,1.0,0.6587,0.5,0.4911,884,916,0,0,
Global climatology,test,+1d,0.01,0.3944,0.3944,1.0,0.5657,0.5,0.3944,710,1090,0,0,
District climatology,validation,+1d,0.554444,0.7911,0.7646,0.8303,0.7961,0.8358,0.781,734,226,150,690,
District climatology,test,+1d,0.554444,0.73,0.6167,0.8338,0.709,0.7922,0.633,592,368,118,722,
Persistence,validation,+2d,0.5,0.7528,0.7563,0.7419,0.749,0.7527,0.6894,664,214,231,691,
Persistence,test,+2d,0.5,0.7844,0.7249,0.731,0.7279,0.7751,0.636,519,197,191,893,3.8294
Global climatology,validation,+2d,0.01,0.4972,0.4972,1.0,0.6642,0.5,0.4972,895,905,0,0,
Global climatology,test,+2d,0.01,0.3944,0.3944,1.0,0.5657,0.5,0.3944,710,1090,0,0,
District climatology,validation,+2d,0.653434,0.7994,0.7902,0.8123,0.8011,0.8417,0.7972,727,193,168,712,
District climatology,test,+2d,0.653434,0.7367,0.6283,0.8141,0.7092,0.7933,0.6419,578,342,132,748,
Persistence,validation,+3d,0.5,0.735,0.7335,0.726,0.7297,0.7349,0.6675,644,234,243,679,
Persistence,test,+3d,0.5,0.7633,0.6955,0.7054,0.7004,0.7531,0.6062,498,218,208,876,4.2456
Global climatology,validation,+3d,0.01,0.4928,0.4928,1.0,0.6602,0.5,0.4928,887,913,0,0,
Global climatology,test,+3d,0.01,0.3922,0.3922,1.0,0.5634,0.5,0.3922,706,1094,0,0,
District climatology,validation,+3d,0.653434,0.7983,0.7848,0.814,0.7991,0.8388,0.7852,722,198,165,715,
District climatology,test,+3d,0.653434,0.7311,0.6207,0.8088,0.7023,0.7892,0.6357,571,349,135,745,
Logistic Regression,validation,+3d,0.133737,0.6939,0.6267,0.9369,0.751,0.7994,0.7699,831,495,56,418,
Logistic Regression,test,+3d,0.133737,0.5689,0.4758,0.9759,0.6397,0.8407,0.7582,689,759,17,335,
Random Forest,validation,+3d,0.297071,0.7233,0.6625,0.894,0.761,0.8342,0.8283,793,404,94,509,
Random Forest,test,+3d,0.297071,0.7483,0.6297,0.8697,0.7305,0.8683,0.8193,614,361,92,733,
XGBoost,validation,+3d,0.198081,0.7144,0.6728,0.8185,0.7386,0.7989,0.7987,726,353,161,560,
XGBoost,test,+3d,0.198081,0.7361,0.6257,0.8144,0.7077,0.8398,0.786,575,344,131,750,
LightGBM,validation,+3d,0.20798,0.7217,0.6856,0.8038,0.74,0.7992,0.7953,713,327,174,586,
LightGBM,test,+3d,0.20798,0.7478,0.6452,0.7932,0.7116,0.8396,0.7831,560,308,146,786,
