arm,arm_label,horizon,roc_auc,pr_auc,brier,log_loss,mean_probability,actual_rate,probability_minus_actual_rate
v2,V2,+1d,0.8952577852435715,0.8582277630337939,0.12725029816587702,0.3959672675202828,0.4131184902901792,0.39444444444444443,0.018674045845734788
v2,V2,+2d,0.8794572942240599,0.8368775026623864,0.13649797368604452,0.41979345723456163,0.4012752427942544,0.39444444444444443,0.006830798349809986
v2,V2,+3d,0.8683263331796927,0.8192740168945883,0.14294127259446138,0.43587585947748986,0.4007456685407593,0.39222222222222225,0.008523446318537076
v2,V2,+5d,0.8580876851519275,0.8022215120324419,0.14842431889081859,0.4537190186111888,0.3923216272351461,0.39055555555555554,0.0017660716795905307
v2,V2,+7d,0.8503730281292988,0.7815854444838768,0.15075405680901038,0.4621328517123868,0.39708331167759,0.37444444444444447,0.02263886723314551
spatial,V2.3 Spatial,+1d,0.8947971314123273,0.8577525569626453,0.12743592014417782,0.3959989423632215,0.40174517618939987,0.39444444444444443,0.007300731744955435
spatial,V2.3 Spatial,+2d,0.878880992376276,0.8385279208444498,0.13668089980197473,0.4202270481753448,0.3945627119841327,0.39444444444444443,0.00011826753968824377
spatial,V2.3 Spatial,+3d,0.8678680000621468,0.8189303797904589,0.1428812633363258,0.43771028137509144,0.38749549018937524,0.39222222222222225,-0.004726732032847014
spatial,V2.3 Spatial,+5d,0.8632206548053596,0.8167172543453092,0.1451105196644614,0.4480859629884767,0.3799784441530897,0.39055555555555554,-0.010577111402465866
spatial,V2.3 Spatial,+7d,0.8540202971575546,0.7861858425796573,0.14850740119472297,0.45610208887888715,0.38776604005917253,0.37444444444444447,0.013321595614728066
spatiotemporal,V2.4 Spatio-Temporal,+1d,0.8914355859930224,0.8569330887467697,0.1293525261392753,0.4015023354524619,0.39574022572046286,0.39444444444444443,0.0012957812760184262
spatiotemporal,V2.4 Spatio-Temporal,+2d,0.8773394495412844,0.8387006956628482,0.13730255922119064,0.4221385403545269,0.38967738724396034,0.39444444444444443,-0.004767057200484093
spatiotemporal,V2.4 Spatio-Temporal,+3d,0.8669267340269615,0.8172134779536602,0.14326272619572178,0.4389603313250774,0.38470416050837236,0.39222222222222225,-0.007518061713849888
spatiotemporal,V2.4 Spatio-Temporal,+5d,0.8638450137514572,0.8209611700480797,0.1443353871979941,0.4483414308297789,0.37618187584358054,0.39055555555555554,-0.014373679711975007
spatiotemporal,V2.4 Spatio-Temporal,+7d,0.8472534799268439,0.7811872858661328,0.1518285362800251,0.4641141903962177,0.38447721196981144,0.37444444444444447,0.01003276752536697
