arm,arm_label,horizon,fire_regime,n,actual_elevated_rate,accuracy,precision,recall,f1,tp,fp,fn,tn
v2,V2,+1d,No fire,724,0.07596685082872928,0.899171270718232,0.2631578947368421,0.18181818181818182,0.21505376344086022,10,28,45,641
v2,V2,+1d,Low,360,0.29444444444444445,0.6666666666666666,0.4435483870967742,0.5188679245283019,0.47826086956521735,55,69,51,185
v2,V2,+1d,Elevated,716,0.7667597765363129,0.7905027932960894,0.8045801526717558,0.9599271402550091,0.8754152823920266,527,128,22,39
v2,V2,+2d,No fire,724,0.106353591160221,0.8825966850828729,0.4230769230769231,0.2857142857142857,0.34108527131782945,22,30,55,617
v2,V2,+2d,Low,360,0.31666666666666665,0.6555555555555556,0.4666666666666667,0.6140350877192983,0.5303030303030304,70,80,44,166
v2,V2,+2d,Elevated,716,0.7248603351955307,0.75,0.7623456790123457,0.9518304431599229,0.8466152527849187,494,154,25,43
v2,V2,+3d,No fire,724,0.1270718232044199,0.8466850828729282,0.40404040404040403,0.43478260869565216,0.418848167539267,40,59,52,573
v2,V2,+3d,Low,360,0.32222222222222224,0.5916666666666667,0.4258373205741627,0.7672413793103449,0.5476923076923077,89,120,27,124
v2,V2,+3d,Elevated,716,0.6955307262569832,0.7276536312849162,0.7271364317841079,0.9738955823293173,0.832618025751073,485,182,13,36
v2,V2,+5d,No fire,724,0.12154696132596685,0.8522099447513812,0.40594059405940597,0.4659090909090909,0.43386243386243384,41,60,47,576
v2,V2,+5d,Low,360,0.30277777777777776,0.6111111111111112,0.4093567251461988,0.6422018348623854,0.5,70,101,39,150
v2,V2,+5d,Elevated,716,0.7067039106145251,0.7416201117318436,0.7559808612440191,0.9367588932806324,0.8367166813768755,474,153,32,57
v2,V2,+7d,No fire,724,0.13674033149171272,0.7886740331491713,0.3291139240506329,0.5252525252525253,0.4046692607003891,52,106,47,519
v2,V2,+7d,Low,360,0.3277777777777778,0.6777777777777778,0.5060240963855421,0.711864406779661,0.5915492957746479,84,82,34,160
v2,V2,+7d,Elevated,716,0.638268156424581,0.7262569832402235,0.7185929648241206,0.9387308533916849,0.8140417457305502,429,168,28,91
spatial,V2.3 Spatial,+1d,No fire,724,0.07596685082872928,0.8743093922651933,0.20967741935483872,0.23636363636363636,0.2222222222222222,13,49,42,620
spatial,V2.3 Spatial,+1d,Low,360,0.29444444444444445,0.6277777777777778,0.4041095890410959,0.5566037735849056,0.4682539682539682,59,87,47,167
spatial,V2.3 Spatial,+1d,Elevated,716,0.7667597765363129,0.7918994413407822,0.8012048192771084,0.9690346083788707,0.8771640560593569,532,132,17,35
spatial,V2.3 Spatial,+2d,No fire,724,0.106353591160221,0.8922651933701657,0.4897959183673469,0.3116883116883117,0.38095238095238093,24,25,53,622
spatial,V2.3 Spatial,+2d,Low,360,0.31666666666666665,0.6638888888888889,0.4748201438848921,0.5789473684210527,0.5217391304347826,66,73,48,173
spatial,V2.3 Spatial,+2d,Elevated,716,0.7248603351955307,0.75,0.764797507788162,0.9460500963391136,0.8458225667527993,491,151,28,46
spatial,V2.3 Spatial,+3d,No fire,724,0.1270718232044199,0.8494475138121547,0.41237113402061853,0.43478260869565216,0.42328042328042326,40,57,52,575
spatial,V2.3 Spatial,+3d,Low,360,0.32222222222222224,0.6333333333333333,0.45698924731182794,0.7327586206896551,0.5629139072847682,85,101,31,143
spatial,V2.3 Spatial,+3d,Elevated,716,0.6955307262569832,0.7178770949720671,0.7262996941896025,0.9538152610441767,0.8246527777777778,475,179,23,39
spatial,V2.3 Spatial,+5d,No fire,724,0.12154696132596685,0.861878453038674,0.4268292682926829,0.3977272727272727,0.4117647058823529,35,47,53,589
spatial,V2.3 Spatial,+5d,Low,360,0.30277777777777776,0.6805555555555556,0.4788732394366197,0.6238532110091743,0.5418326693227091,68,74,41,177
spatial,V2.3 Spatial,+5d,Elevated,716,0.7067039106145251,0.7346368715083799,0.7598684210526315,0.9130434782608695,0.829443447037702,462,146,44,64
spatial,V2.3 Spatial,+7d,No fire,724,0.13674033149171272,0.7734806629834254,0.32620320855614976,0.6161616161616161,0.4265734265734266,61,126,38,499
spatial,V2.3 Spatial,+7d,Low,360,0.3277777777777778,0.6361111111111111,0.46596858638743455,0.7542372881355932,0.576051779935275,89,102,29,140
spatial,V2.3 Spatial,+7d,Elevated,716,0.638268156424581,0.7136871508379888,0.702572347266881,0.9562363238512035,0.8100092678405931,437,185,20,74
spatiotemporal,V2.4 Spatio-Temporal,+1d,No fire,724,0.07596685082872928,0.9033149171270718,0.2857142857142857,0.18181818181818182,0.2222222222222222,10,25,45,644
spatiotemporal,V2.4 Spatio-Temporal,+1d,Low,360,0.29444444444444445,0.65,0.3958333333333333,0.3584905660377358,0.37623762376237624,38,58,68,196
spatiotemporal,V2.4 Spatio-Temporal,+1d,Elevated,716,0.7667597765363129,0.7905027932960894,0.8192,0.9326047358834244,0.8722316865417378,512,113,37,54
spatiotemporal,V2.4 Spatio-Temporal,+2d,No fire,724,0.106353591160221,0.888121546961326,0.46153846153846156,0.3116883116883117,0.372093023255814,24,28,53,619
spatiotemporal,V2.4 Spatio-Temporal,+2d,Low,360,0.31666666666666665,0.6444444444444445,0.4533333333333333,0.5964912280701754,0.5151515151515151,68,82,46,164
spatiotemporal,V2.4 Spatio-Temporal,+2d,Elevated,716,0.7248603351955307,0.75,0.764797507788162,0.9460500963391136,0.8458225667527993,491,151,28,46
spatiotemporal,V2.4 Spatio-Temporal,+3d,No fire,724,0.1270718232044199,0.850828729281768,0.4024390243902439,0.358695652173913,0.3793103448275862,33,49,59,583
spatiotemporal,V2.4 Spatio-Temporal,+3d,Low,360,0.32222222222222224,0.6611111111111111,0.48148148148148145,0.6724137931034483,0.5611510791366906,78,84,38,160
spatiotemporal,V2.4 Spatio-Temporal,+3d,Elevated,716,0.6955307262569832,0.7374301675977654,0.745253164556962,0.9457831325301205,0.8336283185840708,471,161,27,57
spatiotemporal,V2.4 Spatio-Temporal,+5d,No fire,724,0.12154696132596685,0.8024861878453039,0.3076923076923077,0.5,0.380952380952381,44,99,44,537
spatiotemporal,V2.4 Spatio-Temporal,+5d,Low,360,0.30277777777777776,0.5694444444444444,0.3802083333333333,0.6697247706422018,0.4850498338870432,73,119,36,132
spatiotemporal,V2.4 Spatio-Temporal,+5d,Elevated,716,0.7067039106145251,0.7332402234636871,0.7389984825493171,0.9624505928853755,0.8360515021459227,487,172,19,38
spatiotemporal,V2.4 Spatio-Temporal,+7d,No fire,724,0.13674033149171272,0.7527624309392266,0.29591836734693877,0.5858585858585859,0.39322033898305087,58,138,41,487
spatiotemporal,V2.4 Spatio-Temporal,+7d,Low,360,0.3277777777777778,0.6277777777777778,0.4583333333333333,0.7457627118644068,0.567741935483871,88,104,30,138
spatiotemporal,V2.4 Spatio-Temporal,+7d,Elevated,716,0.638268156424581,0.7136871508379888,0.702572347266881,0.9562363238512035,0.8100092678405931,437,185,20,74
