arm,horizon,transition,n,correct,accuracy
frozen_v2_rf,1,N->N,923,826,0.894907908992416
frozen_v2_rf,1,N->E,161,65,0.40372670807453415
frozen_v2_rf,1,E->N,167,39,0.23353293413173654
frozen_v2_rf,1,E->E,549,527,0.9599271402550091
transition_rf,1,N->N,923,819,0.8873239436619719
transition_rf,1,N->E,161,65,0.40372670807453415
transition_rf,1,E->N,167,38,0.2275449101796407
transition_rf,1,E->E,549,530,0.9653916211293261
frozen_v2_rf,2,N->N,893,783,0.8768197088465846
frozen_v2_rf,2,N->E,191,92,0.4816753926701571
frozen_v2_rf,2,E->N,197,43,0.2182741116751269
frozen_v2_rf,2,E->E,519,494,0.9518304431599229
transition_rf,2,N->N,893,767,0.858902575587906
transition_rf,2,N->E,191,94,0.49214659685863876
transition_rf,2,E->N,197,23,0.116751269035533
transition_rf,2,E->E,519,505,0.9730250481695568
frozen_v2_rf,3,N->N,876,697,0.795662100456621
frozen_v2_rf,3,N->E,208,129,0.6201923076923077
frozen_v2_rf,3,E->N,218,36,0.1651376146788991
frozen_v2_rf,3,E->E,498,485,0.9738955823293173
transition_rf,3,N->N,876,797,0.9098173515981736
transition_rf,3,N->E,208,90,0.4326923076923077
transition_rf,3,E->N,218,71,0.3256880733944954
transition_rf,3,E->E,498,453,0.9096385542168675
frozen_v2_rf,5,N->N,887,726,0.818489289740699
frozen_v2_rf,5,N->E,197,111,0.5634517766497462
frozen_v2_rf,5,E->N,210,57,0.2714285714285714
frozen_v2_rf,5,E->E,506,474,0.9367588932806324
transition_rf,5,N->N,887,693,0.7812852311161218
transition_rf,5,N->E,197,122,0.6192893401015228
transition_rf,5,E->N,210,36,0.17142857142857143
transition_rf,5,E->E,506,480,0.9486166007905138
frozen_v2_rf,7,N->N,867,679,0.7831603229527105
frozen_v2_rf,7,N->E,217,136,0.6267281105990783
frozen_v2_rf,7,E->N,259,91,0.35135135135135137
frozen_v2_rf,7,E->E,457,429,0.9387308533916849
transition_rf,7,N->N,867,591,0.6816608996539792
transition_rf,7,N->E,217,158,0.728110599078341
transition_rf,7,E->N,259,47,0.18146718146718147
transition_rf,7,E->E,457,445,0.973741794310722
