arm,horizon,n_to_e_recall,e_to_e_recall
frozen_v2_rf,1,0.40372670807453415,0.9599271402550091
transition_rf,1,0.40372670807453415,0.9653916211293261
frozen_v2_rf,2,0.4816753926701571,0.9518304431599229
transition_rf,2,0.49214659685863876,0.9730250481695568
frozen_v2_rf,3,0.6201923076923077,0.9738955823293173
transition_rf,3,0.4326923076923077,0.9096385542168675
frozen_v2_rf,5,0.5634517766497462,0.9367588932806324
transition_rf,5,0.6192893401015228,0.9486166007905138
frozen_v2_rf,7,0.6267281105990783,0.9387308533916849
transition_rf,7,0.728110599078341,0.973741794310722
