model,horizon,split,probability_type,brier_score,log_loss,ece_10,roc_auc,pr_auc
Logistic Regression,+7d,calibration_fit_2024A,raw,0.15156617330977445,0.4731322284021327,0.045770424032520025,0.8616017408711326,0.8724752020352645
Logistic Regression,+7d,calibration_fit_2024A,sigmoid_calibrated,0.15245000622979255,0.4692980652195376,0.055325003892430884,0.8616017408711326,0.8724752020352645
Logistic Regression,+7d,calibration_check_2024B,raw,0.218118455041648,0.6897023428175043,0.18053887076838018,0.7941898877821207,0.7322732190677955
Logistic Regression,+7d,calibration_check_2024B,sigmoid_calibrated,0.20273352508169035,0.6233057203876964,0.13854950040694736,0.7941898877821207,0.7322732190677955
Logistic Regression,+7d,test_2025,raw,0.21321054772819942,0.6256484499887469,0.19723428066599533,0.8322190364252547,0.739093575352273
Logistic Regression,+7d,test_2025,sigmoid_calibrated,0.22205106031719132,0.6407891796302839,0.20740919883542253,0.8322190364252547,0.739093575352273
Random Forest,+7d,calibration_fit_2024A,raw,0.16715457412483484,0.4997313590706303,0.04518429144822999,0.8345674463073712,0.8604991656623046
Random Forest,+7d,calibration_fit_2024A,sigmoid_calibrated,0.1652890985983711,0.49419982427382464,0.020221548793024992,0.8345674463073712,0.8604991656623046
Random Forest,+7d,calibration_check_2024B,raw,0.19659603982985213,0.5778374059792751,0.09379445645830659,0.7861858529819694,0.686359407243107
Random Forest,+7d,calibration_check_2024B,sigmoid_calibrated,0.2087215309916207,0.62577464427363,0.13747148828458827,0.7861858529819696,0.686359407243107
Random Forest,+7d,test_2025,raw,0.15075405680901038,0.46213285115683117,0.034900199396162,0.8503730281292988,0.7815854444838768
Random Forest,+7d,test_2025,sigmoid_calibrated,0.15084701042377946,0.46679154846232646,0.03613152377848229,0.8503730281292988,0.7815854444838768
XGBoost,+7d,calibration_fit_2024A,raw,0.20926676538223454,0.6316461198129566,0.12637659343580407,0.7742892853763836,0.8103494456411366
XGBoost,+7d,calibration_fit_2024A,sigmoid_calibrated,0.19084205251982755,0.5564687821638464,0.03161474646329942,0.7742892853763836,0.8103494456411366
XGBoost,+7d,calibration_check_2024B,raw,0.22572612757635485,0.7815301575040325,0.1598748732234041,0.7625394023452275,0.6843146195232119
XGBoost,+7d,calibration_check_2024B,sigmoid_calibrated,0.19995769085125764,0.5895688673552775,0.06345405967512716,0.7625394023452275,0.6843146195232119
XGBoost,+7d,test_2025,raw,0.17029841643683832,0.557508412629459,0.10305592231866387,0.8383836853229045,0.7589146141473486
XGBoost,+7d,test_2025,sigmoid_calibrated,0.157338872807292,0.47848681859806985,0.028084626319808886,0.8383836853229045,0.7589146141473486
LightGBM,+7d,calibration_fit_2024A,raw,0.20734405408460002,0.6427420200939762,0.13793823986896098,0.7863498971710844,0.8219770423955118
LightGBM,+7d,calibration_fit_2024A,sigmoid_calibrated,0.18691890640792216,0.5479836896501391,0.030646410580699876,0.7863498971710844,0.8219770423955118
LightGBM,+7d,calibration_check_2024B,raw,0.2345915037346681,0.8687055139926426,0.17450135744402295,0.7504829151431093,0.6708826452262646
LightGBM,+7d,calibration_check_2024B,sigmoid_calibrated,0.20514181264863554,0.6088152103647413,0.0776033432050244,0.7504829151431093,0.6708826452262646
LightGBM,+7d,test_2025,raw,0.17489827431271063,0.5763481048273231,0.11632374944017053,0.8362793902946803,0.7583619619924923
LightGBM,+7d,test_2025,sigmoid_calibrated,0.15893523608020144,0.4798147650750838,0.03992814504939034,0.8362793902946803,0.7583619619924923
