horizon,model,f1,precision,recall
1,frozen_v2_rf,0.7753765553372626,0.7246022031823746,0.8338028169014085
1,transition_rf,0.7737321196358907,0.7185990338164251,0.8380281690140845
2,frozen_v2_rf,0.7512820512820513,0.6894117647058824,0.8253521126760563
2,transition_rf,0.7445618396519578,0.6662958843159066,0.8436619718309859
3,frozen_v2_rf,0.7305175490779298,0.6297435897435898,0.8696883852691218
3,transition_rf,0.736271186440678,0.706111833550065,0.7691218130311614
5,frozen_v2_rf,0.7303370786516854,0.6507230255839822,0.8321479374110953
5,transition_rf,0.7196652719665272,0.6206185567010309,0.8563300142247511
7,frozen_v2_rf,0.7084639498432602,0.6134636264929425,0.8382789317507419
7,transition_rf,0.68328611898017,0.5527039413382218,0.8946587537091988
