transition_actual,error_type,n,horizon,model
E->E,FN,22,1,frozen_v2_rf
E->E,TP,527,1,frozen_v2_rf
E->N,FP,128,1,frozen_v2_rf
E->N,TN,39,1,frozen_v2_rf
N->E,FN,96,1,frozen_v2_rf
N->E,TP,65,1,frozen_v2_rf
N->N,FP,97,1,frozen_v2_rf
N->N,TN,826,1,frozen_v2_rf
E->E,FN,19,1,transition_rf
E->E,TP,530,1,transition_rf
E->N,FP,129,1,transition_rf
E->N,TN,38,1,transition_rf
N->E,FN,96,1,transition_rf
N->E,TP,65,1,transition_rf
N->N,FP,104,1,transition_rf
N->N,TN,819,1,transition_rf
E->E,FN,25,2,frozen_v2_rf
E->E,TP,494,2,frozen_v2_rf
E->N,FP,154,2,frozen_v2_rf
E->N,TN,43,2,frozen_v2_rf
N->E,FN,99,2,frozen_v2_rf
N->E,TP,92,2,frozen_v2_rf
N->N,FP,110,2,frozen_v2_rf
N->N,TN,783,2,frozen_v2_rf
E->E,FN,14,2,transition_rf
E->E,TP,505,2,transition_rf
E->N,FP,174,2,transition_rf
E->N,TN,23,2,transition_rf
N->E,FN,97,2,transition_rf
N->E,TP,94,2,transition_rf
N->N,FP,126,2,transition_rf
N->N,TN,767,2,transition_rf
E->E,FN,13,3,frozen_v2_rf
E->E,TP,485,3,frozen_v2_rf
E->N,FP,182,3,frozen_v2_rf
E->N,TN,36,3,frozen_v2_rf
N->E,FN,79,3,frozen_v2_rf
N->E,TP,129,3,frozen_v2_rf
N->N,FP,179,3,frozen_v2_rf
N->N,TN,697,3,frozen_v2_rf
E->E,FN,45,3,transition_rf
E->E,TP,453,3,transition_rf
E->N,FP,147,3,transition_rf
E->N,TN,71,3,transition_rf
N->E,FN,118,3,transition_rf
N->E,TP,90,3,transition_rf
N->N,FP,79,3,transition_rf
N->N,TN,797,3,transition_rf
E->E,FN,32,5,frozen_v2_rf
E->E,TP,474,5,frozen_v2_rf
E->N,FP,153,5,frozen_v2_rf
E->N,TN,57,5,frozen_v2_rf
N->E,FN,86,5,frozen_v2_rf
N->E,TP,111,5,frozen_v2_rf
N->N,FP,161,5,frozen_v2_rf
N->N,TN,726,5,frozen_v2_rf
E->E,FN,26,5,transition_rf
E->E,TP,480,5,transition_rf
E->N,FP,174,5,transition_rf
E->N,TN,36,5,transition_rf
N->E,FN,75,5,transition_rf
N->E,TP,122,5,transition_rf
N->N,FP,194,5,transition_rf
N->N,TN,693,5,transition_rf
E->E,FN,28,7,frozen_v2_rf
E->E,TP,429,7,frozen_v2_rf
E->N,FP,168,7,frozen_v2_rf
E->N,TN,91,7,frozen_v2_rf
N->E,FN,81,7,frozen_v2_rf
N->E,TP,136,7,frozen_v2_rf
N->N,FP,188,7,frozen_v2_rf
N->N,TN,679,7,frozen_v2_rf
E->E,FN,12,7,transition_rf
E->E,TP,445,7,transition_rf
E->N,FP,212,7,transition_rf
E->N,TN,47,7,transition_rf
N->E,FN,59,7,transition_rf
N->E,TP,158,7,transition_rf
N->N,FP,276,7,transition_rf
N->N,TN,591,7,transition_rf
